StudentID,Probability and Random Processes ,Digital Systems,Algorithms and Problem Solving,Environmental Science, Life Skills ,Computer Organisation and Architecture,Operating Systems and Systems Programming,Information Security Lab,Indian Constitution and Traditional Knowledge,Fundamentals of Machine learning,Fundamentals of Computer security,Introduction to Big data and Data Analytics,Object Oriented Analysis and Design using Java, Image Processing and Computer Vision, Automata Theory and its applications,Computer Networks and Internet of Things,Software Engineering,Artificial Intelligence,Sensor Technology & Android Programming,Fundamentals of Distributed and Cloud Computing,Introduction to Large Scale Database Systems,Web Technology and Cyber Security, Introduction to Compiler Design, Cloud based Enterprise Systems,Advanced Blockchain,Big Data with Hadoop and Spark,Introduction to Deep Learning,Cryptography and its Applications,Information Retrieval and Semantic Web, IoT Analytics,Optimization Techniques,Artificial Intelligence for Healthcare,Cloud Computing Essentials,Agile,Kubernetes,International Studies
0,7.7 ,4.4 ,9.0 ,5.0 ,9.0 ,5.5 ,7.4 ,5.3 ,6.3 ,6.0 ,5.5 ,6.5 ,4.2 ,5.3 ,4.1 ,7.3 ,9.3 ,6.5 ,4.6 ,4.9 ,5.7 ,4.6 ,5.2 ,9.2 ,6.4 ,7.5 ,4.7 ,9.4 ,4.5 ,5.1 ,9.0 ,6.9 ,4.2 ,7.2 ,6.2 ,7.4 
1,4.4 ,8.1 ,8.2 ,8.0 ,9.6 ,5.1 ,8.9 ,7.0 ,4.6 ,7.1 ,7.1 ,8.1 ,6.6 ,5.6 ,7.5 ,5.9 ,7.5 ,5.9 ,9.0 ,6.3 ,7.8 ,4.2 ,7.9 ,9.4 ,6.0 ,4.9 ,5.9 ,4.0 ,5.1 ,7.9 ,6.7 ,6.9 ,7.1 ,8.5 ,9.0 ,4.9 
2,4.0 ,9.8 ,8.1 ,7.3 ,5.8 ,5.0 ,9.6 ,9.5 ,4.9 ,8.1 ,7.0 ,9.5 ,6.9 ,8.1 ,9.8 ,4.4 ,8.9 ,7.5 ,8.8 ,8.3 ,7.5 ,8.2 ,10.0 ,8.4 ,6.8 ,7.5 ,9.5 ,4.5 ,8.8 ,4.5 ,4.2 ,7.8 ,4.9 ,8.5 ,8.8 ,8.2 
3,4.9 ,7.6 ,7.9 ,4.8 ,4.7 ,8.2 ,9.5 ,6.0 ,9.0 ,4.3 ,5.2 ,4.9 ,5.3 ,7.4 ,6.7 ,7.8 ,9.5 ,9.6 ,6.2 ,5.1 ,6.3 ,4.4 ,8.7 ,9.6 ,8.5 ,4.7 ,4.6 ,5.3 ,6.5 ,6.4 ,7.8 ,6.4 ,6.0 ,7.2 ,6.5 ,9.3 
4,4.6 ,8.5 ,7.4 ,5.6 ,6.4 ,5.6 ,6.3 ,5.0 ,4.6 ,9.5 ,6.2 ,6.4 ,7.7 ,7.4 ,6.6 ,6.5 ,9.2 ,5.3 ,7.1 ,4.8 ,6.7 ,4.0 ,5.2 ,7.6 ,4.9 ,8.3 ,7.2 ,6.5 ,9.6 ,5.0 ,9.9 ,5.8 ,9.9 ,8.8 ,6.2 ,8.1 
5,9.9 ,5.0 ,10.0 ,4.2 ,7.1 ,8.5 ,4.7 ,6.9 ,4.9 ,9.1 ,9.4 ,6.3 ,8.6 ,8.3 ,5.8 ,5.8 ,7.2 ,7.0 ,7.7 ,9.3 ,9.7 ,6.1 ,4.4 ,4.7 ,7.3 ,9.9 ,5.6 ,6.1 ,8.5 ,6.6 ,4.4 ,4.2 ,7.0 ,8.3 ,9.3 ,4.4 
6,8.5 ,7.9 ,4.8 ,8.8 ,9.5 ,9.6 ,9.0 ,4.2 ,7.7 ,4.8 ,4.4 ,4.7 ,7.9 ,5.0 ,8.2 ,5.6 ,6.8 ,10.0 ,6.7 ,9.7 ,5.6 ,6.4 ,6.1 ,5.3 ,8.0 ,6.0 ,8.5 ,5.9 ,4.5 ,7.8 ,5.3 ,7.4 ,7.7 ,9.1 ,9.7 ,8.2 
7,7.4 ,8.1 ,6.1 ,8.7 ,8.8 ,5.5 ,9.8 ,9.3 ,5.3 ,4.3 ,5.6 ,5.7 ,4.3 ,4.4 ,7.2 ,6.1 ,7.4 ,4.9 ,5.8 ,4.4 ,9.4 ,5.4 ,8.4 ,6.0 ,10.0 ,9.6 ,9.9 ,7.4 ,4.7 ,7.3 ,6.0 ,4.2 ,4.4 ,8.0 ,4.7 ,6.4 
8,6.6 ,9.2 ,9.5 ,9.9 ,5.4 ,6.6 ,6.0 ,4.1 ,8.8 ,5.2 ,4.7 ,9.9 ,9.8 ,9.6 ,7.0 ,8.6 ,5.8 ,5.4 ,4.2 ,5.1 ,8.0 ,9.1 ,6.8 ,9.0 ,9.6 ,8.7 ,8.9 ,6.5 ,7.0 ,8.8 ,6.0 ,5.5 ,6.6 ,6.1 ,6.1 ,7.4 
9,7.4 ,6.0 ,4.5 ,5.4 ,4.7 ,5.4 ,4.5 ,7.2 ,7.4 ,6.2 ,7.4 ,6.9 ,8.5 ,8.3 ,8.3 ,9.2 ,6.4 ,8.4 ,8.4 ,8.8 ,6.4 ,6.3 ,4.6 ,6.2 ,5.6 ,4.6 ,4.3 ,7.3 ,5.9 ,7.0 ,7.4 ,7.3 ,7.3 ,5.6 ,4.1 ,9.9 
10,7.2 ,6.8 ,8.8 ,9.7 ,5.3 ,8.3 ,8.7 ,9.4 ,4.0 ,4.5 ,5.0 ,8.0 ,9.3 ,4.9 ,8.2 ,9.5 ,9.9 ,4.3 ,5.3 ,8.3 ,9.1 ,6.1 ,6.6 ,7.5 ,7.9 ,9.5 ,6.0 ,5.5 ,7.7 ,5.6 ,5.9 ,9.4 ,7.1 ,6.1 ,4.7 ,6.6 
11,5.7 ,7.3 ,4.8 ,7.2 ,7.9 ,8.4 ,8.2 ,6.0 ,7.4 ,7.6 ,9.5 ,5.9 ,4.7 ,7.2 ,7.6 ,8.5 ,7.0 ,9.4 ,4.0 ,8.6 ,8.3 ,8.0 ,9.7 ,7.0 ,8.8 ,6.2 ,4.6 ,7.7 ,8.0 ,8.5 ,9.1 ,8.9 ,8.4 ,4.6 ,6.9 ,5.0 
12,4.8 ,8.9 ,5.6 ,8.7 ,7.3 ,7.5 ,9.8 ,4.2 ,5.3 ,9.8 ,6.4 ,9.5 ,6.8 ,7.3 ,9.5 ,6.7 ,5.2 ,4.2 ,9.5 ,5.4 ,5.3 ,4.7 ,4.8 ,7.8 ,5.2 ,4.6 ,5.3 ,5.7 ,5.4 ,8.3 ,6.4 ,4.6 ,6.4 ,5.7 ,7.3 ,9.7 
13,7.7 ,6.9 ,7.3 ,4.9 ,8.8 ,4.8 ,5.1 ,4.2 ,5.7 ,8.1 ,4.5 ,8.3 ,6.1 ,7.1 ,9.5 ,8.4 ,6.3 ,6.2 ,7.7 ,9.8 ,8.1 ,7.7 ,6.9 ,5.1 ,6.3 ,9.7 ,4.6 ,7.1 ,9.1 ,8.3 ,7.5 ,9.2 ,6.6 ,7.7 ,6.9 ,7.6 
14,8.7 ,8.0 ,9.0 ,4.3 ,9.5 ,9.9 ,6.3 ,5.0 ,5.5 ,4.7 ,7.1 ,4.8 ,9.3 ,6.0 ,6.8 ,5.7 ,5.6 ,4.5 ,9.4 ,6.5 ,8.2 ,8.5 ,9.0 ,8.0 ,5.2 ,6.3 ,6.7 ,9.4 ,6.9 ,7.8 ,5.6 ,7.6 ,6.6 ,6.6 ,7.2 ,6.2 
15,6.5 ,7.4 ,8.9 ,8.8 ,7.0 ,6.1 ,10.0 ,4.1 ,4.4 ,9.5 ,6.2 ,7.6 ,5.5 ,8.9 ,7.0 ,8.2 ,8.7 ,8.3 ,6.8 ,4.7 ,4.4 ,9.3 ,6.7 ,8.1 ,9.7 ,8.8 ,8.2 ,4.2 ,5.7 ,9.7 ,6.3 ,5.0 ,9.8 ,9.4 ,4.5 ,9.9 
16,6.0 ,9.3 ,6.4 ,8.5 ,9.8 ,7.1 ,6.3 ,5.4 ,8.2 ,4.2 ,8.3 ,9.2 ,4.9 ,9.4 ,6.9 ,9.9 ,6.0 ,5.6 ,9.7 ,5.5 ,7.4 ,7.6 ,8.6 ,9.5 ,6.9 ,8.5 ,6.0 ,5.3 ,4.0 ,8.5 ,9.2 ,9.0 ,5.9 ,9.1 ,6.9 ,5.2 
17,6.4 ,7.0 ,8.3 ,8.0 ,8.1 ,5.2 ,6.1 ,9.2 ,9.9 ,8.7 ,6.8 ,7.8 ,9.1 ,9.2 ,8.1 ,9.9 ,4.1 ,6.4 ,7.1 ,5.7 ,9.9 ,5.0 ,7.0 ,9.2 ,4.3 ,4.4 ,9.7 ,7.0 ,6.8 ,8.6 ,5.5 ,6.2 ,5.9 ,9.2 ,6.5 ,7.9 
18,5.5 ,7.5 ,9.1 ,9.7 ,7.9 ,8.5 ,7.4 ,6.9 ,6.8 ,6.6 ,7.1 ,5.2 ,9.4 ,4.6 ,5.5 ,5.8 ,6.3 ,4.3 ,8.1 ,5.5 ,4.8 ,9.1 ,4.3 ,7.1 ,5.1 ,4.6 ,8.0 ,5.0 ,9.9 ,4.8 ,5.4 ,7.5 ,6.5 ,8.7 ,7.9 ,5.3 
19,5.4 ,5.5 ,8.0 ,5.9 ,7.6 ,5.0 ,6.8 ,6.5 ,8.8 ,5.2 ,7.8 ,7.9 ,5.6 ,8.1 ,7.3 ,7.8 ,6.5 ,4.8 ,4.4 ,6.7 ,4.5 ,7.9 ,9.9 ,6.7 ,8.1 ,5.8 ,7.9 ,6.6 ,6.4 ,5.0 ,8.7 ,7.7 ,9.3 ,9.5 ,8.4 ,8.1 
20,4.9 ,5.5 ,4.5 ,5.5 ,7.8 ,6.2 ,6.6 ,9.3 ,8.9 ,7.2 ,7.6 ,5.4 ,6.5 ,8.5 ,7.8 ,8.5 ,9.0 ,4.2 ,6.0 ,7.9 ,8.4 ,4.3 ,7.3 ,6.9 ,9.2 ,6.3 ,7.5 ,8.0 ,9.2 ,4.1 ,5.1 ,6.1 ,7.4 ,5.5 ,7.5 ,6.9 
21,5.9 ,5.5 ,5.3 ,8.6 ,8.6 ,8.5 ,6.7 ,5.3 ,7.1 ,4.4 ,7.6 ,7.2 ,4.2 ,8.5 ,5.3 ,7.2 ,6.5 ,9.2 ,4.5 ,4.0 ,5.4 ,4.9 ,9.5 ,6.8 ,5.1 ,5.1 ,9.9 ,4.3 ,4.9 ,4.1 ,5.0 ,6.2 ,9.5 ,6.9 ,9.5 ,7.4 
22,9.2 ,4.5 ,6.2 ,6.4 ,7.3 ,6.3 ,7.9 ,4.8 ,9.6 ,6.7 ,5.9 ,7.1 ,7.7 ,4.2 ,7.8 ,4.8 ,6.5 ,7.2 ,5.8 ,5.3 ,8.5 ,8.4 ,5.8 ,9.2 ,7.1 ,6.9 ,7.1 ,6.3 ,6.4 ,5.7 ,10.0 ,8.6 ,4.1 ,8.5 ,4.7 ,4.1 
23,6.4 ,5.8 ,10.0 ,7.2 ,8.2 ,6.6 ,5.7 ,6.8 ,7.0 ,5.5 ,8.9 ,9.1 ,6.7 ,7.7 ,7.3 ,9.4 ,5.7 ,8.0 ,8.8 ,6.8 ,6.6 ,6.6 ,7.0 ,8.8 ,5.3 ,6.2 ,6.6 ,4.6 ,7.0 ,5.7 ,7.7 ,9.9 ,4.5 ,9.9 ,6.1 ,8.0 
24,5.6 ,8.3 ,7.2 ,5.5 ,6.3 ,8.8 ,4.5 ,9.8 ,4.9 ,5.9 ,9.0 ,9.6 ,5.4 ,6.2 ,7.9 ,9.6 ,4.5 ,7.8 ,5.5 ,8.8 ,4.6 ,8.7 ,5.4 ,6.3 ,4.3 ,6.9 ,7.8 ,4.8 ,5.8 ,4.5 ,5.0 ,5.6 ,4.7 ,6.4 ,5.5 ,7.3 
25,7.0 ,6.3 ,7.2 ,6.0 ,8.9 ,4.4 ,5.0 ,8.8 ,10.0 ,5.1 ,7.8 ,7.0 ,8.4 ,6.9 ,6.5 ,9.9 ,9.8 ,6.5 ,4.1 ,9.5 ,5.3 ,8.5 ,9.9 ,8.7 ,9.1 ,5.3 ,6.7 ,9.1 ,6.9 ,9.8 ,5.8 ,6.8 ,5.6 ,7.5 ,6.0 ,9.1 
26,7.9 ,5.3 ,5.3 ,9.1 ,6.8 ,8.3 ,7.4 ,8.4 ,6.9 ,4.4 ,7.0 ,6.1 ,7.2 ,7.6 ,7.5 ,6.5 ,4.8 ,4.9 ,6.4 ,5.2 ,6.4 ,8.1 ,6.2 ,5.9 ,8.3 ,4.3 ,9.4 ,7.1 ,4.8 ,5.0 ,5.4 ,8.2 ,7.1 ,9.9 ,9.3 ,4.6 
27,8.9 ,4.6 ,6.4 ,4.7 ,8.3 ,7.0 ,4.6 ,7.0 ,5.1 ,9.0 ,7.4 ,9.8 ,5.7 ,8.2 ,6.0 ,8.5 ,7.0 ,8.9 ,4.4 ,9.2 ,5.1 ,5.1 ,7.8 ,9.8 ,5.3 ,8.6 ,7.5 ,4.8 ,8.1 ,7.7 ,7.6 ,7.9 ,6.6 ,8.7 ,6.3 ,7.7 
28,5.6 ,6.4 ,8.7 ,4.2 ,6.3 ,5.5 ,9.9 ,7.5 ,8.8 ,9.2 ,4.3 ,6.7 ,4.5 ,9.9 ,9.4 ,8.0 ,9.2 ,4.5 ,8.2 ,5.4 ,7.6 ,8.5 ,5.7 ,5.0 ,7.7 ,6.7 ,9.9 ,8.9 ,4.1 ,8.5 ,7.1 ,7.7 ,6.7 ,4.6 ,6.3 ,4.7 
29,9.6 ,6.6 ,9.6 ,9.3 ,6.9 ,8.9 ,6.2 ,9.8 ,10.0 ,6.4 ,8.4 ,7.3 ,7.2 ,7.4 ,9.1 ,6.5 ,9.8 ,7.2 ,7.9 ,4.0 ,6.8 ,9.9 ,5.6 ,9.6 ,6.6 ,6.2 ,8.1 ,6.2 ,6.8 ,8.2 ,4.2 ,7.4 ,7.4 ,9.8 ,6.0 ,6.3 
30,5.8 ,9.3 ,4.7 ,9.3 ,9.5 ,5.3 ,8.9 ,10.0 ,9.7 ,7.8 ,7.6 ,6.1 ,6.4 ,9.9 ,4.4 ,8.6 ,4.4 ,5.3 ,9.9 ,4.1 ,9.6 ,4.4 ,5.4 ,8.9 ,5.7 ,5.6 ,6.5 ,9.3 ,7.9 ,6.3 ,9.7 ,5.5 ,7.3 ,7.4 ,8.6 ,5.5 
31,9.3 ,9.0 ,7.3 ,8.9 ,8.5 ,4.3 ,7.9 ,9.6 ,8.1 ,6.1 ,5.8 ,8.2 ,7.9 ,9.7 ,6.4 ,8.2 ,9.0 ,7.2 ,7.8 ,8.6 ,7.6 ,7.3 ,4.9 ,5.5 ,7.2 ,5.0 ,6.7 ,8.3 ,9.5 ,4.9 ,6.7 ,5.6 ,7.8 ,7.1 ,7.0 ,7.9 
32,7.9 ,4.7 ,7.1 ,6.9 ,6.4 ,4.6 ,6.3 ,9.9 ,4.1 ,5.9 ,8.4 ,4.2 ,8.0 ,6.6 ,7.8 ,4.2 ,5.6 ,7.7 ,9.2 ,5.0 ,7.5 ,7.0 ,7.7 ,9.4 ,6.4 ,7.8 ,6.2 ,4.5 ,4.3 ,9.5 ,4.2 ,9.9 ,8.4 ,9.7 ,4.5 ,9.6 
33,10.0 ,8.5 ,6.5 ,5.6 ,7.2 ,4.7 ,4.9 ,7.0 ,6.9 ,4.9 ,6.0 ,10.0 ,5.8 ,7.0 ,5.7 ,4.2 ,6.0 ,4.4 ,4.9 ,7.0 ,4.8 ,7.9 ,9.2 ,7.6 ,6.6 ,4.8 ,8.1 ,7.2 ,9.3 ,6.1 ,7.6 ,7.0 ,4.8 ,6.1 ,5.6 ,5.7 
34,9.2 ,7.6 ,9.9 ,6.2 ,4.2 ,9.0 ,7.9 ,9.1 ,7.1 ,8.7 ,8.4 ,8.0 ,7.7 ,5.9 ,8.1 ,4.3 ,7.9 ,6.9 ,7.6 ,9.2 ,8.4 ,9.3 ,7.6 ,8.9 ,9.4 ,7.4 ,8.1 ,7.1 ,5.7 ,8.2 ,7.0 ,5.7 ,5.0 ,4.6 ,9.2 ,5.9 
35,7.4 ,4.1 ,6.9 ,9.8 ,9.6 ,6.2 ,7.1 ,5.8 ,4.1 ,8.0 ,5.6 ,8.8 ,6.3 ,8.0 ,9.1 ,9.5 ,4.3 ,7.7 ,4.2 ,4.5 ,9.0 ,4.6 ,5.2 ,8.5 ,9.0 ,6.0 ,4.3 ,9.6 ,4.7 ,8.1 ,5.9 ,5.6 ,9.8 ,4.7 ,9.7 ,8.1 
36,8.8 ,8.8 ,9.9 ,8.6 ,7.5 ,9.4 ,6.2 ,5.0 ,7.9 ,7.1 ,7.9 ,8.6 ,9.4 ,5.2 ,6.3 ,5.7 ,6.7 ,7.3 ,9.6 ,9.9 ,8.1 ,4.2 ,9.4 ,6.3 ,7.3 ,5.6 ,6.9 ,8.9 ,7.8 ,8.9 ,9.6 ,8.9 ,5.3 ,7.9 ,9.1 ,9.3 
37,8.0 ,4.5 ,9.1 ,6.0 ,7.6 ,6.7 ,4.3 ,7.1 ,6.3 ,7.7 ,6.7 ,9.7 ,9.1 ,6.8 ,9.5 ,5.8 ,6.8 ,8.7 ,4.2 ,5.3 ,7.9 ,5.0 ,5.6 ,4.6 ,5.5 ,9.2 ,5.9 ,7.2 ,9.9 ,9.3 ,6.9 ,4.5 ,8.5 ,9.4 ,9.8 ,9.4 
38,7.5 ,4.4 ,9.5 ,8.0 ,5.4 ,7.7 ,5.8 ,5.9 ,6.0 ,7.7 ,8.1 ,4.7 ,9.8 ,7.5 ,6.7 ,6.0 ,8.0 ,5.1 ,7.4 ,9.0 ,7.3 ,6.1 ,8.6 ,5.0 ,8.5 ,6.4 ,4.5 ,7.0 ,8.5 ,8.4 ,5.3 ,4.6 ,5.2 ,8.2 ,5.7 ,4.2 
39,7.6 ,5.0 ,9.3 ,9.8 ,8.8 ,5.5 ,5.1 ,5.1 ,6.4 ,4.8 ,4.5 ,8.6 ,6.5 ,4.7 ,8.9 ,5.1 ,4.9 ,4.7 ,6.6 ,5.2 ,6.6 ,4.6 ,5.5 ,5.6 ,9.9 ,7.2 ,5.4 ,7.3 ,7.3 ,4.8 ,9.5 ,7.6 ,7.7 ,7.5 ,6.8 ,7.4 
40,5.4 ,9.4 ,9.5 ,5.3 ,5.1 ,6.6 ,5.5 ,9.8 ,8.2 ,5.9 ,9.1 ,9.4 ,4.5 ,7.9 ,8.7 ,5.6 ,6.1 ,9.0 ,4.4 ,7.4 ,7.6 ,7.9 ,8.5 ,8.9 ,4.7 ,4.8 ,8.7 ,6.2 ,8.7 ,7.6 ,6.8 ,6.8 ,9.2 ,9.4 ,8.9 ,8.7 
41,9.2 ,4.2 ,4.5 ,9.8 ,4.1 ,6.7 ,7.3 ,7.9 ,6.4 ,7.7 ,9.9 ,5.0 ,7.6 ,7.5 ,6.2 ,7.5 ,7.2 ,9.4 ,8.1 ,6.8 ,5.3 ,8.6 ,8.1 ,8.4 ,6.6 ,7.5 ,9.7 ,5.3 ,6.1 ,5.9 ,6.7 ,4.0 ,5.8 ,5.3 ,8.8 ,9.4 
42,7.6 ,7.8 ,4.5 ,4.8 ,6.2 ,5.0 ,6.4 ,7.2 ,6.8 ,6.3 ,7.6 ,5.7 ,7.7 ,5.5 ,7.2 ,8.3 ,9.9 ,9.9 ,9.7 ,7.6 ,9.2 ,4.2 ,6.9 ,8.4 ,10.0 ,8.2 ,8.2 ,6.5 ,6.3 ,4.6 ,9.8 ,9.8 ,8.9 ,8.0 ,4.7 ,4.8 
43,6.0 ,8.5 ,5.9 ,5.6 ,7.3 ,8.8 ,5.6 ,7.2 ,4.6 ,8.4 ,7.1 ,5.2 ,7.7 ,5.6 ,6.6 ,4.1 ,9.1 ,8.5 ,4.9 ,5.7 ,4.8 ,6.4 ,7.1 ,8.5 ,6.3 ,6.3 ,7.3 ,4.3 ,9.3 ,5.8 ,4.0 ,9.8 ,4.1 ,7.7 ,7.3 ,9.4 
44,7.5 ,9.8 ,9.0 ,5.0 ,10.0 ,5.9 ,5.9 ,5.8 ,6.7 ,5.0 ,8.5 ,9.4 ,4.9 ,9.8 ,5.9 ,6.3 ,7.1 ,4.4 ,8.5 ,6.3 ,4.1 ,4.9 ,6.4 ,7.0 ,5.5 ,4.1 ,7.4 ,9.6 ,8.1 ,9.9 ,7.6 ,9.8 ,9.8 ,7.5 ,8.4 ,9.5 
45,9.5 ,7.7 ,7.7 ,7.9 ,8.4 ,6.4 ,6.7 ,5.9 ,8.2 ,9.2 ,9.7 ,4.4 ,7.6 ,6.6 ,7.2 ,4.4 ,9.6 ,6.3 ,5.6 ,8.2 ,4.1 ,7.4 ,8.8 ,7.8 ,5.0 ,7.3 ,7.9 ,8.7 ,7.5 ,5.4 ,6.7 ,5.1 ,4.7 ,6.9 ,5.3 ,4.6 
46,6.4 ,6.2 ,8.8 ,6.9 ,8.1 ,4.5 ,7.3 ,4.4 ,9.2 ,5.3 ,7.8 ,5.9 ,7.7 ,9.8 ,9.3 ,7.8 ,8.2 ,5.3 ,6.4 ,8.1 ,6.6 ,6.4 ,9.7 ,8.9 ,8.5 ,5.9 ,7.2 ,7.5 ,7.9 ,9.7 ,4.9 ,6.2 ,5.5 ,7.9 ,4.6 ,8.5 
47,4.3 ,9.7 ,5.0 ,6.9 ,5.7 ,8.1 ,7.1 ,9.9 ,5.5 ,4.8 ,5.3 ,9.0 ,6.6 ,4.2 ,9.6 ,4.0 ,7.4 ,9.4 ,6.1 ,7.1 ,8.8 ,9.9 ,8.4 ,8.4 ,9.5 ,6.6 ,4.8 ,8.4 ,8.1 ,8.5 ,9.8 ,9.7 ,9.1 ,9.9 ,9.6 ,5.8 
48,5.7 ,5.5 ,8.2 ,7.2 ,6.2 ,9.3 ,8.7 ,6.6 ,6.5 ,7.1 ,6.8 ,6.2 ,4.4 ,9.0 ,5.5 ,7.0 ,6.8 ,9.8 ,8.1 ,10.0 ,9.9 ,5.1 ,5.3 ,8.5 ,7.7 ,5.0 ,9.1 ,7.6 ,5.8 ,7.8 ,8.3 ,7.5 ,5.3 ,4.8 ,4.6 ,7.4 
49,7.1 ,8.6 ,9.1 ,6.2 ,8.3 ,6.0 ,8.0 ,4.4 ,5.3 ,9.6 ,9.5 ,6.9 ,8.6 ,7.9 ,5.6 ,4.5 ,4.3 ,7.2 ,7.9 ,6.0 ,9.8 ,6.1 ,8.3 ,7.5 ,4.9 ,5.5 ,6.1 ,4.9 ,8.0 ,6.5 ,4.1 ,9.4 ,9.5 ,4.9 ,9.0 ,7.5 
50,6.4 ,8.9 ,8.0 ,4.8 ,8.6 ,4.6 ,5.2 ,5.8 ,5.2 ,7.8 ,4.2 ,5.4 ,9.6 ,6.7 ,5.2 ,7.2 ,6.7 ,5.5 ,5.0 ,8.0 ,4.5 ,6.6 ,9.9 ,6.2 ,10.0 ,6.7 ,7.8 ,9.7 ,9.5 ,6.8 ,8.2 ,4.5 ,4.4 ,10.0 ,5.9 ,8.9 
51,4.5 ,9.9 ,5.6 ,4.2 ,9.7 ,9.0 ,7.0 ,5.2 ,9.8 ,8.9 ,9.0 ,8.4 ,9.7 ,9.4 ,5.4 ,5.7 ,9.0 ,8.3 ,8.5 ,4.2 ,9.7 ,4.7 ,9.0 ,9.2 ,6.4 ,8.1 ,6.8 ,9.8 ,8.7 ,5.8 ,5.5 ,4.1 ,5.0 ,8.7 ,7.7 ,5.0 
52,4.4 ,9.1 ,9.1 ,7.2 ,7.3 ,5.2 ,9.9 ,9.1 ,9.1 ,4.1 ,4.6 ,4.5 ,6.9 ,8.8 ,5.0 ,9.4 ,9.7 ,8.2 ,4.3 ,6.8 ,8.5 ,4.8 ,7.4 ,6.3 ,4.8 ,4.4 ,6.3 ,9.1 ,5.5 ,9.0 ,7.0 ,5.3 ,7.9 ,9.1 ,6.2 ,8.9 
53,6.5 ,8.9 ,7.3 ,8.4 ,7.0 ,9.4 ,4.8 ,6.8 ,8.1 ,7.3 ,7.1 ,5.3 ,9.0 ,7.7 ,5.9 ,5.5 ,6.6 ,4.9 ,4.1 ,8.0 ,7.4 ,8.1 ,5.2 ,7.3 ,9.1 ,7.9 ,4.7 ,7.3 ,8.9 ,9.8 ,7.9 ,9.8 ,4.3 ,7.2 ,5.8 ,8.0 
54,4.3 ,5.6 ,6.7 ,7.8 ,9.4 ,7.5 ,8.8 ,6.3 ,5.8 ,7.5 ,4.3 ,8.3 ,6.9 ,4.6 ,5.6 ,8.0 ,7.0 ,5.0 ,9.4 ,6.3 ,8.9 ,4.1 ,5.9 ,8.9 ,6.1 ,7.5 ,7.2 ,7.5 ,8.7 ,5.2 ,5.6 ,6.1 ,9.7 ,8.3 ,9.8 ,8.8 
55,4.9 ,6.4 ,9.1 ,5.2 ,8.0 ,7.3 ,8.9 ,4.3 ,7.2 ,9.3 ,8.9 ,4.6 ,4.8 ,8.5 ,4.8 ,8.7 ,9.1 ,7.2 ,5.9 ,7.9 ,8.4 ,5.0 ,5.7 ,7.1 ,8.0 ,5.7 ,9.5 ,5.3 ,5.5 ,9.3 ,9.1 ,6.3 ,8.9 ,6.8 ,4.8 ,8.0 
56,7.5 ,6.9 ,5.2 ,4.3 ,8.0 ,5.7 ,7.3 ,8.3 ,7.8 ,8.2 ,4.4 ,6.8 ,7.8 ,6.8 ,5.4 ,9.1 ,7.8 ,9.8 ,9.9 ,9.5 ,6.7 ,6.1 ,9.0 ,5.7 ,8.1 ,5.4 ,7.7 ,5.8 ,4.4 ,5.3 ,6.9 ,6.2 ,9.9 ,10.0 ,4.0 ,8.5 
57,6.9 ,5.2 ,8.3 ,9.0 ,6.6 ,5.0 ,6.0 ,6.9 ,6.7 ,4.2 ,7.7 ,4.1 ,6.3 ,7.0 ,8.0 ,5.4 ,9.4 ,7.7 ,8.9 ,8.6 ,6.9 ,6.6 ,6.3 ,7.6 ,7.7 ,5.6 ,8.9 ,4.8 ,9.7 ,7.7 ,7.7 ,8.6 ,5.6 ,9.6 ,9.2 ,6.2 
58,9.3 ,4.6 ,5.7 ,6.3 ,4.8 ,6.9 ,6.1 ,4.5 ,7.2 ,7.1 ,9.4 ,5.3 ,6.9 ,9.1 ,6.2 ,9.7 ,4.9 ,7.0 ,5.5 ,8.0 ,5.2 ,5.4 ,10.0 ,8.6 ,4.2 ,7.7 ,4.3 ,9.4 ,8.0 ,7.2 ,6.2 ,4.3 ,4.8 ,7.8 ,9.3 ,8.3 
59,5.1 ,9.9 ,6.4 ,5.5 ,7.3 ,8.4 ,5.7 ,7.2 ,7.2 ,4.2 ,6.3 ,5.2 ,4.5 ,8.1 ,4.4 ,9.3 ,5.0 ,9.7 ,7.3 ,8.9 ,5.7 ,8.6 ,9.7 ,8.3 ,4.6 ,8.3 ,7.6 ,4.7 ,9.8 ,9.6 ,7.1 ,9.8 ,8.9 ,4.8 ,9.5 ,8.7 
60,6.4 ,4.8 ,5.2 ,5.5 ,7.4 ,8.8 ,7.7 ,6.3 ,9.2 ,4.8 ,7.5 ,6.2 ,9.1 ,5.6 ,9.0 ,9.7 ,8.0 ,7.6 ,9.6 ,4.1 ,4.4 ,8.3 ,7.3 ,5.8 ,8.8 ,4.9 ,4.7 ,9.0 ,7.0 ,5.0 ,9.0 ,8.1 ,6.0 ,9.3 ,4.6 ,4.3 
61,8.3 ,9.4 ,5.5 ,7.1 ,9.1 ,9.6 ,5.7 ,5.2 ,5.5 ,4.5 ,6.2 ,4.8 ,5.1 ,6.0 ,4.3 ,6.2 ,5.3 ,8.3 ,8.0 ,6.8 ,9.9 ,8.6 ,4.1 ,4.4 ,7.7 ,9.6 ,7.6 ,8.3 ,7.6 ,5.8 ,8.2 ,8.6 ,6.9 ,8.5 ,7.3 ,5.1 
62,8.1 ,5.3 ,6.5 ,6.2 ,6.7 ,6.2 ,4.9 ,8.7 ,6.4 ,4.8 ,7.6 ,5.1 ,7.6 ,8.2 ,9.7 ,8.8 ,9.1 ,5.3 ,6.6 ,5.8 ,8.7 ,6.4 ,6.2 ,4.8 ,4.5 ,5.9 ,5.5 ,5.9 ,6.5 ,9.8 ,8.5 ,9.7 ,6.3 ,6.2 ,7.4 ,7.5 
63,9.5 ,5.5 ,5.1 ,6.7 ,7.6 ,9.6 ,9.1 ,4.5 ,7.1 ,7.8 ,9.6 ,4.7 ,5.3 ,5.4 ,4.7 ,9.6 ,5.9 ,8.9 ,9.8 ,8.8 ,10.0 ,4.6 ,8.1 ,8.6 ,5.6 ,6.1 ,8.6 ,6.8 ,9.5 ,9.4 ,5.2 ,6.0 ,7.7 ,7.1 ,7.3 ,6.6 
64,4.1 ,6.6 ,4.9 ,6.5 ,4.7 ,8.1 ,7.2 ,8.0 ,4.4 ,7.9 ,6.2 ,6.5 ,7.9 ,8.9 ,9.6 ,4.3 ,7.7 ,9.7 ,9.2 ,5.3 ,6.3 ,6.1 ,5.4 ,8.7 ,6.6 ,6.5 ,8.8 ,4.6 ,6.0 ,4.8 ,10.0 ,4.6 ,6.8 ,4.8 ,9.5 ,4.6 
65,7.4 ,4.1 ,9.1 ,7.5 ,7.0 ,4.6 ,5.8 ,6.3 ,5.2 ,6.8 ,9.7 ,6.2 ,9.6 ,6.4 ,5.5 ,5.4 ,9.7 ,8.5 ,5.1 ,6.7 ,5.7 ,8.9 ,7.2 ,9.1 ,6.6 ,5.0 ,4.7 ,9.3 ,8.8 ,4.9 ,5.4 ,4.5 ,6.6 ,7.8 ,6.2 ,4.1 
66,9.7 ,4.8 ,6.9 ,4.6 ,7.0 ,4.1 ,6.8 ,6.2 ,7.5 ,6.2 ,4.6 ,9.8 ,7.0 ,9.5 ,5.9 ,5.9 ,8.8 ,8.0 ,5.0 ,6.7 ,6.0 ,8.7 ,7.1 ,4.9 ,8.8 ,4.1 ,5.9 ,4.5 ,7.3 ,5.4 ,9.2 ,9.8 ,4.3 ,9.9 ,9.6 ,6.9 
67,9.1 ,6.5 ,6.4 ,4.2 ,8.7 ,6.7 ,6.7 ,7.5 ,6.1 ,6.7 ,8.7 ,4.3 ,6.1 ,7.1 ,8.1 ,5.4 ,9.7 ,7.2 ,7.7 ,6.2 ,4.2 ,8.8 ,9.6 ,6.4 ,6.5 ,6.0 ,9.0 ,7.2 ,7.8 ,9.4 ,7.8 ,6.7 ,6.6 ,9.7 ,6.9 ,8.8 
68,8.1 ,7.9 ,7.5 ,4.9 ,4.9 ,4.4 ,9.2 ,4.7 ,4.4 ,8.3 ,8.9 ,9.7 ,5.9 ,7.0 ,4.6 ,9.2 ,5.9 ,6.6 ,4.4 ,8.7 ,6.6 ,8.9 ,7.0 ,6.1 ,5.3 ,4.8 ,6.7 ,6.4 ,6.3 ,8.1 ,8.7 ,8.7 ,5.8 ,9.8 ,7.3 ,6.4 
69,9.0 ,9.9 ,4.7 ,5.1 ,9.8 ,6.5 ,8.9 ,10.0 ,5.7 ,7.8 ,7.0 ,8.7 ,7.4 ,9.3 ,8.4 ,8.8 ,7.1 ,8.9 ,9.1 ,6.4 ,5.4 ,5.0 ,4.6 ,6.2 ,9.5 ,4.1 ,8.9 ,6.0 ,9.8 ,5.3 ,10.0 ,9.7 ,5.3 ,7.7 ,5.6 ,8.0 
70,8.6 ,8.3 ,4.1 ,7.3 ,4.6 ,4.8 ,5.3 ,8.5 ,9.0 ,9.5 ,6.5 ,8.2 ,5.1 ,5.4 ,7.1 ,8.7 ,8.3 ,6.1 ,4.8 ,7.7 ,5.7 ,9.9 ,4.0 ,9.6 ,9.1 ,5.3 ,9.0 ,7.3 ,5.4 ,8.9 ,6.4 ,6.1 ,9.7 ,8.4 ,8.3 ,7.2 
71,8.0 ,4.9 ,7.6 ,4.5 ,9.5 ,6.5 ,9.7 ,7.0 ,4.1 ,8.3 ,7.4 ,5.1 ,4.7 ,6.3 ,5.6 ,6.9 ,5.0 ,5.3 ,9.7 ,8.5 ,8.2 ,6.4 ,6.1 ,9.1 ,8.8 ,6.3 ,8.0 ,4.3 ,7.6 ,8.2 ,8.8 ,7.8 ,6.0 ,8.0 ,9.7 ,5.2 
72,4.9 ,4.1 ,6.4 ,5.2 ,5.1 ,6.6 ,4.4 ,6.2 ,4.5 ,9.7 ,7.1 ,4.8 ,6.4 ,7.8 ,7.1 ,8.5 ,8.1 ,8.2 ,5.9 ,6.0 ,6.7 ,8.8 ,9.5 ,6.2 ,6.5 ,7.2 ,5.9 ,9.9 ,6.2 ,7.1 ,6.0 ,4.5 ,4.1 ,9.0 ,4.9 ,7.1 
73,6.8 ,4.4 ,7.2 ,6.4 ,7.6 ,8.4 ,6.8 ,5.7 ,4.6 ,6.0 ,7.4 ,5.5 ,8.0 ,9.8 ,8.0 ,9.1 ,5.7 ,9.9 ,7.6 ,5.7 ,7.1 ,7.8 ,5.1 ,8.5 ,6.9 ,5.3 ,7.5 ,7.3 ,8.2 ,8.3 ,6.5 ,7.0 ,4.7 ,7.6 ,4.3 ,5.3 
74,4.8 ,9.5 ,8.8 ,9.8 ,6.2 ,5.0 ,9.6 ,9.4 ,8.5 ,9.0 ,4.8 ,9.3 ,6.5 ,8.3 ,8.6 ,6.9 ,9.0 ,5.0 ,10.0 ,9.7 ,9.3 ,9.2 ,4.0 ,9.8 ,6.3 ,6.4 ,6.9 ,6.0 ,8.2 ,6.9 ,8.0 ,5.4 ,7.8 ,8.1 ,7.9 ,9.7 
75,7.8 ,5.2 ,5.0 ,9.8 ,5.9 ,9.5 ,7.0 ,4.8 ,9.9 ,4.4 ,7.5 ,6.0 ,8.1 ,9.9 ,6.0 ,5.4 ,6.1 ,5.4 ,5.8 ,7.1 ,7.3 ,7.9 ,5.0 ,7.4 ,5.8 ,7.1 ,9.1 ,8.1 ,6.8 ,6.4 ,7.4 ,9.1 ,6.3 ,8.2 ,4.5 ,9.6 
76,8.0 ,8.1 ,4.4 ,7.9 ,6.4 ,7.2 ,9.3 ,5.8 ,5.9 ,8.3 ,6.8 ,6.1 ,7.4 ,8.2 ,7.6 ,4.5 ,6.3 ,7.8 ,9.3 ,4.6 ,8.3 ,5.2 ,6.2 ,4.8 ,6.3 ,7.6 ,5.4 ,5.7 ,6.0 ,9.0 ,7.3 ,8.2 ,8.8 ,9.4 ,4.8 ,5.6 
77,8.1 ,6.6 ,7.8 ,7.9 ,9.4 ,5.9 ,4.7 ,5.9 ,9.4 ,4.7 ,5.9 ,4.2 ,6.6 ,5.7 ,4.6 ,6.6 ,5.2 ,6.1 ,4.5 ,6.5 ,6.5 ,7.1 ,9.9 ,6.4 ,6.6 ,8.6 ,8.9 ,6.3 ,8.3 ,5.3 ,9.2 ,8.4 ,9.1 ,7.5 ,7.9 ,8.9 
78,4.5 ,7.8 ,6.8 ,7.3 ,8.1 ,6.6 ,4.2 ,7.8 ,5.2 ,8.5 ,5.0 ,6.7 ,9.0 ,8.6 ,8.9 ,9.4 ,4.5 ,8.5 ,6.5 ,6.0 ,6.8 ,6.5 ,7.8 ,5.1 ,10.0 ,6.6 ,5.7 ,5.2 ,9.9 ,9.0 ,9.3 ,7.6 ,9.4 ,9.2 ,7.3 ,9.0 
79,6.0 ,5.2 ,7.8 ,4.7 ,5.8 ,4.6 ,5.8 ,9.5 ,5.2 ,5.5 ,4.3 ,6.5 ,8.5 ,8.6 ,8.6 ,4.7 ,5.1 ,9.4 ,9.1 ,6.8 ,6.4 ,8.7 ,8.9 ,7.9 ,9.9 ,9.6 ,5.3 ,5.6 ,8.9 ,4.1 ,8.2 ,4.1 ,5.2 ,9.4 ,8.0 ,8.1 
80,7.1 ,9.9 ,8.9 ,7.3 ,7.4 ,8.6 ,9.4 ,5.2 ,5.7 ,5.1 ,7.8 ,6.9 ,5.7 ,9.0 ,5.9 ,9.0 ,4.7 ,5.7 ,6.2 ,5.2 ,5.2 ,7.9 ,5.5 ,9.4 ,6.2 ,10.0 ,5.4 ,7.3 ,5.0 ,9.4 ,6.7 ,7.6 ,9.7 ,4.5 ,4.3 ,5.3 
81,6.7 ,9.9 ,6.8 ,6.3 ,5.5 ,8.8 ,10.0 ,8.7 ,4.1 ,7.7 ,9.1 ,4.2 ,4.5 ,4.4 ,7.2 ,5.5 ,4.4 ,4.5 ,4.1 ,6.9 ,9.8 ,9.2 ,5.3 ,9.0 ,5.9 ,6.0 ,8.8 ,7.4 ,5.9 ,9.2 ,5.7 ,5.8 ,9.6 ,5.5 ,5.5 ,8.9 
82,5.3 ,8.5 ,6.0 ,5.5 ,6.2 ,9.6 ,9.7 ,8.6 ,7.4 ,9.8 ,5.3 ,5.6 ,8.7 ,5.5 ,9.4 ,9.2 ,4.8 ,9.6 ,8.9 ,4.3 ,6.8 ,8.8 ,4.1 ,6.6 ,8.4 ,6.6 ,8.4 ,6.2 ,6.5 ,6.3 ,9.3 ,6.1 ,6.7 ,5.9 ,6.5 ,8.3 
83,9.2 ,5.5 ,5.8 ,7.0 ,9.2 ,7.0 ,6.2 ,8.7 ,4.1 ,8.0 ,5.7 ,9.6 ,6.9 ,5.2 ,8.9 ,5.4 ,5.1 ,6.6 ,9.1 ,4.9 ,9.2 ,9.8 ,9.2 ,8.0 ,8.7 ,8.6 ,9.1 ,5.0 ,8.6 ,5.6 ,8.2 ,4.7 ,9.2 ,8.9 ,7.5 ,9.8 
84,5.3 ,4.9 ,5.9 ,5.4 ,5.3 ,5.4 ,7.4 ,5.8 ,7.7 ,7.6 ,4.3 ,6.0 ,5.8 ,4.1 ,9.6 ,9.6 ,6.2 ,5.2 ,8.2 ,5.8 ,6.6 ,7.6 ,7.7 ,9.8 ,6.7 ,6.8 ,7.3 ,4.2 ,5.5 ,9.0 ,7.6 ,4.3 ,8.4 ,9.8 ,9.9 ,7.3 
85,7.1 ,5.2 ,9.0 ,5.9 ,8.9 ,4.8 ,4.8 ,5.0 ,8.8 ,5.7 ,5.0 ,8.2 ,9.7 ,8.3 ,7.3 ,8.3 ,7.1 ,9.2 ,7.3 ,6.6 ,9.5 ,5.6 ,5.0 ,4.1 ,7.8 ,6.8 ,4.3 ,10.0 ,7.8 ,7.9 ,7.0 ,9.2 ,5.0 ,6.9 ,4.1 ,8.6 
86,5.9 ,8.3 ,6.0 ,5.7 ,7.4 ,5.0 ,7.5 ,6.0 ,8.3 ,5.1 ,9.1 ,8.0 ,10.0 ,8.5 ,6.9 ,8.6 ,8.2 ,8.9 ,4.3 ,9.6 ,8.1 ,6.7 ,5.0 ,4.2 ,7.0 ,7.2 ,9.4 ,7.9 ,5.9 ,5.8 ,7.9 ,4.6 ,4.4 ,8.0 ,9.5 ,8.2 
87,7.9 ,7.0 ,7.6 ,4.7 ,5.9 ,8.3 ,8.4 ,8.2 ,5.5 ,6.9 ,9.3 ,6.7 ,8.4 ,8.2 ,9.3 ,4.3 ,4.8 ,8.7 ,7.2 ,5.3 ,9.3 ,5.9 ,6.0 ,9.4 ,4.6 ,9.2 ,9.4 ,6.8 ,6.4 ,6.1 ,7.8 ,5.7 ,10.0 ,5.7 ,9.2 ,6.4 
88,8.3 ,7.3 ,4.7 ,6.6 ,7.0 ,4.2 ,7.7 ,6.8 ,7.4 ,8.8 ,6.2 ,5.4 ,4.3 ,7.4 ,6.5 ,5.0 ,6.7 ,7.8 ,6.0 ,6.5 ,5.4 ,4.4 ,8.4 ,8.4 ,9.2 ,4.2 ,6.6 ,7.7 ,5.0 ,7.2 ,9.5 ,8.0 ,5.0 ,5.9 ,7.2 ,9.3 
89,8.1 ,7.7 ,8.9 ,7.0 ,8.0 ,8.1 ,8.2 ,8.9 ,9.5 ,4.6 ,5.0 ,8.4 ,7.9 ,8.6 ,9.0 ,6.6 ,8.6 ,8.6 ,7.6 ,7.5 ,4.0 ,8.5 ,9.2 ,7.9 ,8.5 ,7.5 ,9.4 ,9.6 ,4.1 ,5.9 ,4.0 ,9.4 ,4.7 ,8.9 ,5.3 ,5.7 
90,9.4 ,5.5 ,4.4 ,8.2 ,8.7 ,7.6 ,8.6 ,4.2 ,8.3 ,7.0 ,4.8 ,5.4 ,5.3 ,7.8 ,7.3 ,9.8 ,7.9 ,6.1 ,4.3 ,9.1 ,5.6 ,7.7 ,4.8 ,5.8 ,10.0 ,6.4 ,7.6 ,7.9 ,6.5 ,8.6 ,6.4 ,6.2 ,9.4 ,4.5 ,7.6 ,6.2 
91,6.7 ,8.3 ,6.3 ,9.1 ,5.6 ,5.6 ,6.3 ,4.8 ,5.6 ,5.7 ,4.3 ,4.4 ,5.5 ,8.4 ,6.5 ,5.7 ,7.8 ,5.9 ,6.4 ,5.9 ,7.1 ,7.2 ,8.0 ,6.2 ,7.5 ,8.0 ,8.2 ,5.2 ,9.0 ,7.9 ,8.5 ,4.4 ,5.7 ,4.5 ,5.1 ,5.8 
92,4.6 ,4.9 ,8.1 ,4.1 ,8.1 ,5.2 ,7.4 ,7.9 ,9.7 ,6.3 ,4.5 ,8.2 ,8.6 ,9.5 ,7.0 ,9.7 ,4.4 ,9.3 ,9.8 ,5.6 ,5.8 ,4.8 ,5.4 ,5.3 ,6.5 ,7.7 ,6.4 ,4.6 ,7.0 ,6.8 ,4.9 ,4.6 ,7.5 ,7.5 ,5.4 ,7.4 
93,7.8 ,9.8 ,5.5 ,9.5 ,9.4 ,7.4 ,7.3 ,6.8 ,8.3 ,6.8 ,8.5 ,7.9 ,8.7 ,9.2 ,7.0 ,9.0 ,7.3 ,5.5 ,4.9 ,4.5 ,6.0 ,9.9 ,9.7 ,4.2 ,4.4 ,7.9 ,7.9 ,9.5 ,7.4 ,6.3 ,9.0 ,9.5 ,7.5 ,8.4 ,6.5 ,7.0 
94,6.5 ,9.7 ,7.1 ,8.2 ,4.3 ,4.2 ,5.8 ,7.9 ,9.7 ,4.2 ,4.7 ,8.4 ,9.0 ,9.4 ,8.5 ,7.0 ,7.1 ,8.3 ,9.0 ,8.3 ,5.7 ,8.2 ,5.1 ,8.1 ,9.2 ,6.0 ,6.5 ,7.7 ,5.0 ,6.4 ,5.8 ,8.2 ,8.7 ,5.8 ,8.6 ,8.7 
95,8.1 ,8.4 ,9.2 ,7.2 ,4.7 ,9.3 ,6.2 ,6.8 ,7.7 ,4.3 ,4.1 ,8.4 ,9.4 ,9.9 ,9.9 ,5.1 ,8.3 ,7.4 ,9.3 ,9.0 ,4.8 ,8.6 ,5.7 ,4.9 ,5.8 ,7.9 ,8.8 ,6.5 ,7.5 ,5.8 ,9.0 ,9.3 ,6.2 ,5.9 ,4.0 ,6.9 
96,6.8 ,6.4 ,6.5 ,7.9 ,6.5 ,5.0 ,4.7 ,4.6 ,9.4 ,8.5 ,4.2 ,4.5 ,9.7 ,4.4 ,7.0 ,5.8 ,6.1 ,9.5 ,7.3 ,6.5 ,4.1 ,5.9 ,7.0 ,9.6 ,7.8 ,5.3 ,4.6 ,9.1 ,8.3 ,5.1 ,6.6 ,5.1 ,6.8 ,7.9 ,4.8 ,7.2 
97,6.4 ,5.4 ,8.4 ,4.1 ,7.1 ,6.0 ,5.3 ,4.6 ,7.6 ,7.2 ,6.6 ,4.0 ,4.7 ,7.7 ,7.1 ,6.9 ,5.6 ,5.0 ,7.9 ,8.3 ,7.8 ,4.9 ,5.5 ,8.9 ,9.4 ,6.4 ,4.1 ,7.6 ,4.9 ,5.3 ,8.7 ,8.9 ,5.1 ,9.1 ,4.6 ,9.1 
98,7.4 ,8.9 ,5.0 ,9.0 ,8.8 ,7.2 ,8.5 ,7.8 ,5.8 ,5.3 ,5.5 ,5.2 ,4.7 ,9.8 ,4.6 ,8.6 ,7.1 ,8.1 ,6.5 ,5.9 ,6.3 ,4.7 ,4.2 ,9.5 ,6.0 ,5.7 ,4.0 ,9.3 ,4.1 ,7.6 ,8.6 ,6.2 ,6.2 ,8.1 ,4.5 ,8.8 
99,8.4 ,5.5 ,4.2 ,9.7 ,7.9 ,6.8 ,9.4 ,7.8 ,8.4 ,8.1 ,6.1 ,8.5 ,5.7 ,4.4 ,6.3 ,8.2 ,6.8 ,5.8 ,6.1 ,5.2 ,4.9 ,5.2 ,7.7 ,9.6 ,9.5 ,7.0 ,8.8 ,4.1 ,4.8 ,6.7 ,6.6 ,5.2 ,8.1 ,9.2 ,5.4 ,9.8 
100,7.6 ,5.6 ,7.8 ,7.3 ,9.1 ,8.5 ,7.8 ,5.0 ,4.4 ,5.0 ,7.2 ,8.7 ,4.1 ,4.9 ,5.0 ,8.2 ,4.0 ,8.0 ,8.9 ,6.1 ,9.2 ,8.6 ,9.4 ,4.2 ,4.7 ,9.5 ,9.1 ,7.3 ,8.8 ,7.2 ,6.3 ,7.4 ,9.3 ,9.0 ,6.9 ,5.1 
101,9.8 ,7.1 ,4.2 ,6.7 ,5.1 ,6.8 ,8.6 ,8.8 ,7.0 ,7.1 ,8.2 ,6.5 ,9.2 ,4.0 ,4.8 ,6.1 ,9.6 ,9.7 ,7.1 ,9.0 ,9.7 ,9.8 ,6.9 ,7.1 ,4.9 ,5.9 ,6.9 ,5.5 ,5.4 ,5.4 ,5.1 ,9.3 ,4.0 ,5.5 ,7.6 ,6.1 
102,7.0 ,10.0 ,6.3 ,7.4 ,9.5 ,9.6 ,6.5 ,4.4 ,8.5 ,9.4 ,7.1 ,4.5 ,8.5 ,7.8 ,5.0 ,6.3 ,8.9 ,6.6 ,9.1 ,5.8 ,6.0 ,8.8 ,6.0 ,4.6 ,7.8 ,5.7 ,7.3 ,4.3 ,9.4 ,6.9 ,9.4 ,7.2 ,8.1 ,4.4 ,8.3 ,7.5 
103,9.5 ,7.8 ,8.9 ,6.1 ,6.1 ,4.3 ,6.0 ,4.9 ,4.1 ,4.1 ,6.9 ,5.4 ,7.8 ,8.5 ,9.3 ,5.1 ,6.3 ,4.4 ,6.7 ,7.3 ,6.4 ,9.0 ,6.1 ,4.9 ,5.4 ,4.3 ,8.1 ,7.6 ,9.6 ,6.6 ,9.9 ,5.0 ,7.2 ,5.2 ,4.7 ,8.8 
104,8.2 ,8.7 ,8.0 ,8.9 ,6.2 ,7.9 ,9.8 ,6.6 ,9.6 ,5.6 ,8.3 ,6.7 ,6.2 ,7.0 ,7.9 ,6.5 ,8.7 ,6.9 ,4.6 ,6.2 ,6.1 ,4.1 ,6.4 ,8.8 ,6.4 ,6.9 ,8.0 ,6.1 ,9.8 ,6.7 ,5.6 ,5.1 ,8.6 ,8.8 ,5.1 ,6.8 
105,6.3 ,6.1 ,5.1 ,9.3 ,7.0 ,9.2 ,7.4 ,4.9 ,8.8 ,6.1 ,4.7 ,4.6 ,8.4 ,7.2 ,7.0 ,8.4 ,5.8 ,5.4 ,5.1 ,5.3 ,6.3 ,5.0 ,7.5 ,7.7 ,9.3 ,5.4 ,4.9 ,9.5 ,7.6 ,6.9 ,4.2 ,5.5 ,9.8 ,7.8 ,4.3 ,4.2 
106,9.8 ,4.1 ,6.4 ,7.9 ,6.6 ,5.0 ,8.5 ,7.8 ,5.8 ,7.7 ,7.8 ,4.8 ,6.1 ,7.1 ,9.8 ,8.9 ,9.3 ,4.5 ,8.5 ,8.2 ,7.4 ,5.2 ,5.8 ,10.0 ,8.2 ,7.3 ,5.6 ,9.6 ,5.2 ,7.9 ,5.8 ,7.4 ,9.0 ,9.0 ,4.0 ,5.3 
107,5.2 ,5.4 ,8.5 ,6.9 ,7.1 ,8.4 ,6.1 ,7.4 ,8.2 ,6.7 ,8.5 ,6.1 ,7.2 ,7.7 ,7.4 ,8.8 ,9.0 ,6.2 ,4.9 ,5.9 ,8.6 ,4.5 ,5.1 ,7.6 ,5.2 ,4.4 ,8.3 ,5.0 ,7.6 ,6.1 ,10.0 ,7.7 ,7.2 ,4.6 ,7.5 ,9.8 
108,8.3 ,7.2 ,7.1 ,5.1 ,9.0 ,7.3 ,6.8 ,6.6 ,7.6 ,6.9 ,8.7 ,9.8 ,8.9 ,6.4 ,8.2 ,6.6 ,7.2 ,9.4 ,8.2 ,4.0 ,6.3 ,9.2 ,5.5 ,4.9 ,4.5 ,9.8 ,7.5 ,8.7 ,8.4 ,5.8 ,9.2 ,4.5 ,6.5 ,9.2 ,6.9 ,7.9 
109,9.6 ,9.1 ,4.7 ,4.6 ,9.1 ,7.3 ,7.4 ,9.5 ,9.7 ,4.5 ,5.9 ,9.9 ,9.7 ,6.2 ,6.8 ,5.9 ,6.9 ,6.3 ,5.0 ,5.8 ,8.7 ,9.3 ,7.1 ,7.3 ,8.3 ,9.3 ,9.9 ,5.7 ,9.6 ,7.3 ,8.9 ,4.4 ,5.2 ,8.9 ,5.9 ,4.4 
110,5.8 ,9.0 ,6.6 ,4.7 ,6.2 ,6.0 ,7.9 ,5.0 ,6.4 ,7.0 ,7.8 ,6.3 ,5.9 ,6.5 ,6.7 ,6.8 ,9.0 ,7.4 ,7.9 ,4.2 ,6.9 ,5.5 ,8.6 ,7.1 ,8.5 ,5.9 ,5.8 ,6.4 ,5.2 ,8.7 ,5.4 ,9.1 ,6.0 ,7.4 ,9.6 ,8.9 
111,4.8 ,4.6 ,5.0 ,7.6 ,7.8 ,8.5 ,7.7 ,4.9 ,6.0 ,9.0 ,9.1 ,8.4 ,8.9 ,5.2 ,9.7 ,4.9 ,7.9 ,9.7 ,8.0 ,8.3 ,4.9 ,6.5 ,7.3 ,4.7 ,9.4 ,7.0 ,9.1 ,8.2 ,9.8 ,5.6 ,8.7 ,7.4 ,4.3 ,5.9 ,9.2 ,6.5 
112,4.8 ,10.0 ,9.9 ,5.9 ,4.0 ,5.9 ,6.7 ,6.8 ,7.4 ,8.7 ,4.9 ,9.7 ,4.6 ,9.5 ,6.2 ,6.8 ,7.3 ,8.5 ,4.2 ,6.0 ,4.1 ,9.5 ,7.8 ,4.6 ,7.6 ,8.6 ,5.3 ,4.2 ,7.8 ,8.8 ,6.2 ,9.4 ,4.5 ,7.7 ,7.7 ,5.8 
113,9.5 ,8.7 ,6.8 ,7.6 ,4.8 ,5.8 ,4.5 ,4.4 ,5.1 ,4.4 ,6.7 ,8.7 ,6.0 ,7.0 ,4.9 ,6.5 ,9.8 ,7.8 ,6.8 ,7.6 ,5.3 ,9.7 ,7.0 ,7.6 ,7.6 ,8.4 ,6.3 ,8.6 ,6.6 ,8.8 ,4.4 ,6.7 ,7.6 ,6.0 ,4.8 ,7.5 
114,5.0 ,7.0 ,7.2 ,9.8 ,7.1 ,6.6 ,5.7 ,6.4 ,8.8 ,4.4 ,6.3 ,4.7 ,4.4 ,8.5 ,9.4 ,6.3 ,7.6 ,6.5 ,4.2 ,9.7 ,9.5 ,8.3 ,4.2 ,8.5 ,5.5 ,8.5 ,7.7 ,9.4 ,5.2 ,5.4 ,4.9 ,7.2 ,5.9 ,9.7 ,6.8 ,7.6 
115,4.4 ,8.1 ,5.7 ,4.0 ,4.3 ,6.0 ,6.2 ,6.6 ,4.4 ,6.5 ,8.3 ,6.2 ,4.6 ,8.3 ,5.2 ,8.1 ,6.1 ,4.7 ,8.4 ,6.2 ,6.9 ,9.1 ,8.4 ,7.9 ,6.4 ,8.0 ,4.8 ,7.4 ,5.1 ,8.5 ,7.7 ,4.4 ,7.4 ,8.0 ,8.1 ,8.0 
116,9.3 ,8.8 ,4.0 ,7.6 ,7.9 ,4.9 ,4.5 ,7.7 ,5.9 ,7.9 ,6.7 ,7.3 ,8.9 ,4.0 ,7.6 ,5.3 ,5.7 ,6.6 ,5.1 ,9.3 ,10.0 ,8.8 ,6.2 ,5.9 ,8.7 ,5.7 ,8.1 ,8.8 ,5.4 ,4.3 ,6.4 ,6.0 ,6.9 ,9.4 ,7.3 ,8.6 
117,6.1 ,8.3 ,4.5 ,7.6 ,6.8 ,7.6 ,6.7 ,6.5 ,7.3 ,4.1 ,8.7 ,4.7 ,9.6 ,8.3 ,9.8 ,5.1 ,9.8 ,8.7 ,5.9 ,7.9 ,4.2 ,4.4 ,8.6 ,7.5 ,4.5 ,7.5 ,8.6 ,6.6 ,4.7 ,9.6 ,5.0 ,8.6 ,5.4 ,4.9 ,6.9 ,8.0 
118,4.5 ,8.0 ,7.3 ,8.1 ,6.1 ,6.0 ,7.1 ,9.4 ,8.0 ,9.0 ,6.4 ,5.3 ,6.6 ,6.6 ,7.3 ,9.4 ,8.7 ,5.5 ,5.1 ,9.2 ,5.2 ,4.4 ,6.4 ,7.5 ,8.9 ,8.1 ,7.9 ,7.8 ,9.5 ,4.3 ,8.9 ,4.3 ,8.2 ,6.0 ,7.6 ,6.4 
119,8.6 ,5.0 ,8.2 ,8.1 ,4.1 ,8.1 ,5.9 ,8.4 ,9.7 ,6.2 ,7.4 ,6.8 ,8.6 ,7.5 ,7.3 ,8.9 ,5.6 ,5.2 ,7.2 ,4.6 ,4.8 ,6.1 ,9.1 ,5.0 ,6.3 ,5.0 ,6.9 ,5.3 ,7.4 ,6.6 ,4.1 ,7.7 ,5.7 ,9.8 ,9.6 ,7.0 
120,7.7 ,8.8 ,4.2 ,9.4 ,6.2 ,4.5 ,5.0 ,7.3 ,8.6 ,9.9 ,8.1 ,8.4 ,6.9 ,5.8 ,6.1 ,4.2 ,9.7 ,9.8 ,8.0 ,9.5 ,4.7 ,5.1 ,4.2 ,5.1 ,6.0 ,8.8 ,9.2 ,7.2 ,4.5 ,10.0 ,8.7 ,8.2 ,4.3 ,5.6 ,5.6 ,8.3 
121,5.4 ,8.8 ,9.3 ,6.0 ,4.3 ,7.1 ,4.3 ,8.5 ,6.6 ,8.9 ,4.8 ,4.5 ,5.9 ,4.5 ,7.0 ,5.3 ,6.7 ,6.2 ,9.4 ,7.7 ,6.9 ,4.2 ,7.2 ,5.6 ,4.5 ,9.5 ,8.6 ,9.8 ,7.5 ,5.5 ,7.5 ,5.8 ,5.9 ,4.9 ,9.4 ,8.2 
122,8.0 ,7.0 ,9.1 ,8.3 ,4.0 ,8.8 ,7.2 ,7.3 ,8.8 ,6.7 ,4.2 ,8.7 ,8.0 ,6.0 ,9.3 ,6.4 ,8.5 ,9.3 ,6.7 ,7.6 ,4.4 ,8.5 ,7.7 ,6.4 ,9.7 ,4.6 ,7.4 ,6.0 ,7.8 ,4.6 ,8.5 ,8.4 ,8.7 ,9.1 ,10.0 ,5.1 
123,4.3 ,6.0 ,5.6 ,5.1 ,7.4 ,4.5 ,8.6 ,6.5 ,9.7 ,9.3 ,9.7 ,7.9 ,8.2 ,6.4 ,8.1 ,8.5 ,7.6 ,8.8 ,5.0 ,9.4 ,5.0 ,6.1 ,7.1 ,6.9 ,8.6 ,4.8 ,5.9 ,9.2 ,5.9 ,8.9 ,6.9 ,8.0 ,6.9 ,8.3 ,6.2 ,8.0 
124,6.0 ,5.9 ,5.8 ,8.2 ,6.8 ,8.9 ,7.5 ,9.2 ,7.1 ,6.3 ,7.8 ,9.1 ,5.4 ,7.3 ,7.0 ,6.9 ,8.7 ,7.1 ,7.1 ,8.9 ,5.6 ,5.1 ,4.8 ,6.1 ,9.0 ,9.9 ,9.5 ,4.2 ,8.9 ,8.8 ,5.5 ,9.1 ,6.5 ,9.9 ,7.2 ,7.2 
125,9.1 ,7.9 ,6.8 ,4.5 ,5.6 ,7.3 ,6.1 ,4.4 ,9.6 ,9.7 ,5.1 ,6.9 ,6.8 ,9.8 ,8.0 ,9.9 ,5.0 ,6.0 ,6.2 ,7.6 ,4.1 ,6.4 ,5.1 ,6.7 ,5.7 ,7.6 ,4.4 ,4.8 ,9.0 ,6.6 ,9.0 ,6.9 ,4.8 ,6.4 ,8.7 ,8.2 
126,5.1 ,7.4 ,5.6 ,4.0 ,6.9 ,4.5 ,8.3 ,7.8 ,7.3 ,7.0 ,9.5 ,8.1 ,5.7 ,4.2 ,6.3 ,6.6 ,9.6 ,6.7 ,5.8 ,6.7 ,5.8 ,5.2 ,4.2 ,7.9 ,6.7 ,9.1 ,7.8 ,4.7 ,6.7 ,8.9 ,6.1 ,8.3 ,6.8 ,5.0 ,7.4 ,7.0 
127,9.2 ,6.2 ,8.1 ,8.1 ,8.0 ,7.6 ,9.2 ,8.1 ,5.3 ,4.5 ,8.5 ,6.6 ,7.1 ,5.0 ,6.6 ,7.0 ,6.5 ,4.7 ,4.0 ,7.4 ,6.0 ,8.5 ,8.4 ,6.3 ,7.0 ,9.8 ,5.0 ,4.6 ,6.0 ,9.1 ,9.1 ,9.2 ,6.4 ,5.6 ,8.2 ,5.0 
128,6.2 ,9.0 ,8.8 ,5.3 ,10.0 ,7.5 ,7.1 ,6.4 ,9.0 ,8.6 ,7.9 ,6.0 ,6.3 ,9.1 ,5.7 ,6.7 ,5.9 ,7.4 ,6.0 ,5.1 ,8.7 ,7.9 ,9.8 ,7.1 ,9.4 ,6.7 ,8.7 ,8.1 ,5.3 ,7.6 ,6.3 ,8.8 ,8.5 ,8.2 ,8.5 ,8.8 
129,4.0 ,6.8 ,10.0 ,7.5 ,6.1 ,9.8 ,9.4 ,4.9 ,8.7 ,6.0 ,7.0 ,9.1 ,7.3 ,8.6 ,4.7 ,4.8 ,7.7 ,4.1 ,9.2 ,5.0 ,9.4 ,7.4 ,6.8 ,6.7 ,9.4 ,6.3 ,5.2 ,6.9 ,7.6 ,9.1 ,6.3 ,7.2 ,6.2 ,9.4 ,9.2 ,5.4 
130,7.0 ,9.0 ,5.8 ,8.1 ,6.7 ,6.3 ,4.3 ,7.6 ,4.6 ,8.9 ,6.9 ,5.1 ,4.8 ,6.6 ,6.9 ,5.6 ,9.8 ,6.0 ,4.5 ,7.1 ,6.5 ,7.7 ,5.8 ,5.1 ,6.4 ,5.9 ,6.9 ,5.0 ,6.7 ,5.3 ,10.0 ,9.6 ,9.5 ,10.0 ,9.3 ,8.5 
131,4.3 ,9.9 ,9.3 ,5.1 ,4.6 ,8.2 ,9.5 ,5.7 ,9.0 ,6.6 ,7.9 ,4.1 ,6.7 ,8.7 ,9.3 ,5.8 ,5.8 ,6.1 ,8.0 ,7.6 ,4.6 ,6.0 ,7.3 ,8.2 ,8.6 ,8.4 ,5.5 ,5.2 ,9.0 ,6.4 ,6.2 ,4.6 ,6.2 ,5.4 ,5.8 ,8.1 
132,4.1 ,5.1 ,5.3 ,8.9 ,10.0 ,5.9 ,6.1 ,8.6 ,6.8 ,4.8 ,6.6 ,4.7 ,7.5 ,6.5 ,5.9 ,6.3 ,8.1 ,6.0 ,7.5 ,6.1 ,4.8 ,4.2 ,7.9 ,8.4 ,4.4 ,4.5 ,7.3 ,8.1 ,5.4 ,7.2 ,9.5 ,9.4 ,9.7 ,7.4 ,7.4 ,9.6 
133,8.3 ,5.1 ,8.5 ,8.8 ,8.9 ,9.6 ,6.6 ,4.7 ,6.8 ,7.9 ,4.8 ,6.1 ,8.4 ,7.4 ,4.7 ,4.2 ,7.9 ,7.7 ,7.8 ,7.3 ,5.9 ,9.1 ,6.7 ,7.9 ,8.2 ,7.7 ,5.2 ,5.8 ,7.4 ,5.6 ,6.5 ,7.2 ,8.6 ,8.4 ,7.9 ,4.5 
134,6.2 ,9.9 ,5.9 ,7.8 ,7.0 ,6.8 ,4.1 ,9.8 ,9.9 ,4.0 ,9.7 ,5.0 ,7.1 ,8.3 ,7.1 ,6.1 ,8.8 ,10.0 ,7.0 ,9.6 ,4.3 ,8.5 ,8.2 ,8.7 ,8.1 ,7.0 ,5.3 ,5.9 ,6.7 ,9.0 ,8.8 ,6.7 ,8.3 ,6.7 ,8.8 ,8.1 
135,8.7 ,5.6 ,9.7 ,7.1 ,8.3 ,5.6 ,8.2 ,5.4 ,4.7 ,7.6 ,8.3 ,7.4 ,4.5 ,5.6 ,5.9 ,7.9 ,5.3 ,9.4 ,4.8 ,8.8 ,7.4 ,9.5 ,9.9 ,7.6 ,7.6 ,7.9 ,4.3 ,9.3 ,4.4 ,9.2 ,4.5 ,9.9 ,5.6 ,4.2 ,4.8 ,4.4 
136,8.0 ,5.8 ,9.7 ,7.7 ,7.4 ,4.9 ,5.2 ,7.6 ,4.7 ,4.9 ,10.0 ,9.3 ,9.8 ,4.4 ,5.9 ,7.4 ,9.8 ,6.5 ,8.9 ,5.9 ,8.4 ,5.2 ,7.0 ,4.1 ,5.5 ,9.1 ,8.2 ,7.1 ,9.8 ,8.6 ,9.7 ,8.7 ,7.9 ,6.6 ,6.2 ,4.9 
137,8.3 ,8.7 ,7.3 ,5.6 ,9.9 ,9.3 ,9.4 ,8.8 ,7.7 ,9.8 ,4.9 ,4.9 ,7.4 ,7.4 ,8.8 ,5.5 ,4.9 ,6.0 ,8.4 ,5.0 ,4.6 ,8.3 ,5.4 ,6.9 ,6.7 ,9.3 ,8.2 ,8.2 ,6.7 ,8.4 ,8.3 ,8.4 ,7.1 ,7.5 ,9.8 ,9.2 
138,5.8 ,6.9 ,8.2 ,8.5 ,8.3 ,6.3 ,9.8 ,7.9 ,7.5 ,5.3 ,5.3 ,7.9 ,7.9 ,4.6 ,9.4 ,7.8 ,5.5 ,4.7 ,8.3 ,4.5 ,6.0 ,4.6 ,4.4 ,7.9 ,6.2 ,5.2 ,8.9 ,4.5 ,7.7 ,7.0 ,7.6 ,6.2 ,8.7 ,6.4 ,9.9 ,8.9 
139,4.7 ,4.7 ,9.4 ,7.3 ,4.8 ,4.4 ,8.3 ,6.3 ,8.5 ,5.8 ,6.5 ,5.3 ,7.5 ,9.0 ,8.3 ,6.0 ,5.6 ,6.1 ,5.5 ,6.9 ,5.0 ,7.1 ,8.2 ,9.3 ,8.5 ,7.9 ,9.9 ,4.2 ,4.6 ,7.8 ,4.7 ,4.4 ,7.4 ,9.9 ,8.5 ,4.2 
140,7.4 ,5.7 ,9.4 ,5.1 ,5.6 ,9.3 ,5.7 ,5.6 ,9.6 ,9.8 ,7.8 ,4.2 ,6.1 ,8.6 ,7.3 ,7.5 ,8.8 ,7.3 ,8.1 ,7.2 ,8.9 ,8.0 ,9.3 ,5.7 ,6.4 ,8.8 ,5.1 ,6.9 ,7.4 ,4.1 ,4.1 ,9.6 ,5.8 ,8.1 ,7.8 ,8.6 
141,7.0 ,8.2 ,9.3 ,5.1 ,4.2 ,8.9 ,4.1 ,8.4 ,4.0 ,4.7 ,7.5 ,5.5 ,6.4 ,4.6 ,8.2 ,7.6 ,8.8 ,8.4 ,6.5 ,7.2 ,6.4 ,4.4 ,4.0 ,9.0 ,6.9 ,7.2 ,6.1 ,6.3 ,6.1 ,8.1 ,5.1 ,8.9 ,5.3 ,5.8 ,8.9 ,4.1 
142,4.8 ,6.9 ,4.8 ,7.3 ,8.4 ,9.2 ,8.2 ,5.1 ,5.5 ,5.8 ,9.8 ,6.6 ,7.3 ,6.6 ,6.7 ,7.4 ,8.4 ,6.9 ,4.8 ,8.1 ,5.1 ,4.8 ,9.0 ,8.6 ,5.2 ,7.9 ,9.1 ,4.2 ,6.7 ,4.8 ,8.1 ,9.8 ,4.2 ,5.4 ,10.0 ,7.0 
143,7.2 ,6.6 ,8.5 ,5.5 ,8.2 ,9.1 ,7.4 ,5.4 ,7.7 ,6.5 ,5.6 ,6.9 ,5.8 ,7.0 ,6.5 ,8.8 ,7.5 ,7.6 ,9.0 ,8.1 ,6.4 ,9.8 ,4.4 ,6.5 ,9.6 ,8.0 ,9.6 ,9.5 ,9.9 ,4.8 ,6.4 ,8.1 ,5.8 ,6.8 ,4.4 ,7.8 
144,6.9 ,7.6 ,8.7 ,6.4 ,8.6 ,8.9 ,9.4 ,6.5 ,6.7 ,6.7 ,7.5 ,5.7 ,7.7 ,5.3 ,5.6 ,7.8 ,9.3 ,9.1 ,7.1 ,7.5 ,7.3 ,6.6 ,7.1 ,7.5 ,5.6 ,8.6 ,9.3 ,5.7 ,8.1 ,4.9 ,8.3 ,7.6 ,4.5 ,7.2 ,7.0 ,9.7 
145,7.8 ,4.7 ,6.6 ,4.1 ,9.4 ,8.1 ,7.1 ,9.0 ,4.7 ,6.4 ,5.0 ,5.9 ,7.7 ,9.6 ,4.7 ,9.9 ,4.8 ,5.9 ,8.2 ,9.8 ,9.2 ,6.8 ,9.7 ,6.1 ,9.1 ,7.8 ,5.9 ,8.9 ,6.8 ,5.5 ,7.7 ,5.7 ,7.0 ,6.0 ,8.2 ,5.5 
146,8.6 ,9.6 ,7.0 ,6.1 ,7.4 ,4.1 ,5.8 ,5.6 ,5.2 ,8.0 ,6.7 ,8.4 ,9.4 ,5.4 ,6.4 ,5.0 ,8.9 ,9.8 ,5.2 ,4.9 ,6.3 ,9.1 ,7.5 ,9.3 ,6.8 ,8.1 ,6.6 ,5.4 ,8.0 ,8.6 ,8.7 ,4.5 ,4.9 ,6.3 ,9.0 ,4.2 
147,4.1 ,5.3 ,5.9 ,8.0 ,5.5 ,7.1 ,6.0 ,4.5 ,4.4 ,9.6 ,4.2 ,5.7 ,9.5 ,7.6 ,5.0 ,9.9 ,7.0 ,9.3 ,9.0 ,7.2 ,4.2 ,5.2 ,5.2 ,9.2 ,8.8 ,4.3 ,4.1 ,9.4 ,5.7 ,9.6 ,6.5 ,7.7 ,9.3 ,7.3 ,9.1 ,6.9 
148,8.5 ,9.4 ,4.9 ,9.5 ,5.1 ,9.6 ,7.2 ,8.4 ,6.3 ,6.4 ,7.4 ,6.8 ,7.5 ,7.7 ,8.5 ,7.7 ,8.5 ,9.4 ,9.4 ,4.6 ,9.5 ,8.3 ,8.2 ,9.1 ,5.6 ,4.6 ,7.7 ,6.7 ,8.9 ,5.3 ,8.3 ,7.3 ,6.3 ,8.1 ,5.5 ,4.2 
149,7.1 ,5.0 ,7.5 ,8.4 ,5.3 ,4.4 ,6.5 ,5.2 ,9.1 ,5.8 ,4.6 ,6.3 ,5.8 ,7.2 ,4.0 ,10.0 ,6.8 ,9.7 ,4.0 ,6.8 ,4.6 ,4.2 ,9.5 ,7.2 ,9.3 ,6.0 ,7.4 ,8.3 ,7.5 ,4.9 ,9.0 ,4.1 ,8.1 ,4.8 ,5.4 ,9.7 
150,8.1 ,8.3 ,6.5 ,8.3 ,9.6 ,8.7 ,4.4 ,8.5 ,6.2 ,7.4 ,6.9 ,7.0 ,6.3 ,6.2 ,9.1 ,4.7 ,5.8 ,8.3 ,9.3 ,8.6 ,9.7 ,5.0 ,4.3 ,8.8 ,5.5 ,7.1 ,5.4 ,6.4 ,4.0 ,6.7 ,5.5 ,5.4 ,7.1 ,5.5 ,6.9 ,7.4 
151,4.1 ,6.3 ,10.0 ,5.5 ,7.7 ,9.9 ,5.0 ,4.1 ,9.8 ,4.6 ,6.2 ,8.2 ,6.8 ,7.9 ,6.6 ,9.0 ,8.2 ,7.8 ,6.1 ,9.9 ,7.1 ,8.5 ,8.2 ,5.5 ,8.2 ,7.0 ,5.1 ,4.1 ,6.7 ,5.2 ,9.1 ,7.1 ,5.0 ,7.0 ,4.8 ,7.5 
152,5.4 ,7.0 ,4.2 ,5.6 ,8.7 ,7.0 ,6.3 ,8.0 ,9.4 ,9.7 ,8.0 ,7.3 ,7.5 ,8.3 ,9.9 ,4.8 ,5.9 ,4.0 ,4.0 ,9.0 ,4.1 ,5.5 ,6.8 ,4.8 ,7.5 ,8.6 ,4.5 ,4.7 ,9.8 ,4.2 ,4.5 ,7.2 ,5.4 ,7.8 ,9.4 ,6.0 
153,8.7 ,7.2 ,9.5 ,4.0 ,7.9 ,5.4 ,4.8 ,5.9 ,6.9 ,5.6 ,8.3 ,9.9 ,9.8 ,5.6 ,6.3 ,4.5 ,7.9 ,6.2 ,5.1 ,5.2 ,7.4 ,6.2 ,9.6 ,6.9 ,9.6 ,10.0 ,5.7 ,4.7 ,6.0 ,4.3 ,4.4 ,9.4 ,7.4 ,9.5 ,9.9 ,8.9 
154,8.3 ,7.0 ,7.7 ,6.7 ,7.6 ,7.2 ,7.2 ,7.8 ,9.9 ,9.3 ,6.4 ,6.6 ,4.2 ,7.5 ,9.0 ,5.6 ,8.8 ,6.6 ,6.6 ,4.5 ,9.6 ,9.7 ,5.0 ,9.1 ,5.4 ,5.2 ,7.1 ,8.3 ,9.3 ,6.8 ,8.9 ,5.8 ,8.4 ,9.1 ,6.5 ,4.5 
155,5.4 ,6.8 ,7.7 ,6.4 ,6.5 ,9.4 ,10.0 ,7.6 ,5.9 ,8.1 ,5.1 ,8.5 ,7.1 ,4.6 ,7.3 ,9.2 ,4.5 ,4.3 ,9.4 ,5.4 ,4.8 ,5.9 ,4.8 ,8.4 ,8.2 ,8.9 ,8.4 ,5.0 ,9.6 ,9.1 ,4.8 ,6.3 ,9.9 ,5.9 ,6.9 ,9.6 
156,9.4 ,5.9 ,7.2 ,5.2 ,9.9 ,7.8 ,7.8 ,9.2 ,7.6 ,5.5 ,8.3 ,9.4 ,6.6 ,7.5 ,4.1 ,6.6 ,8.8 ,4.0 ,7.3 ,8.1 ,7.9 ,8.5 ,5.0 ,9.7 ,9.0 ,6.7 ,7.1 ,6.1 ,5.0 ,6.5 ,8.9 ,7.5 ,4.2 ,5.7 ,8.5 ,8.2 
157,8.2 ,7.4 ,9.7 ,4.0 ,5.0 ,7.4 ,4.4 ,6.0 ,8.0 ,7.5 ,10.0 ,7.4 ,6.3 ,6.9 ,6.2 ,8.6 ,4.0 ,6.8 ,6.6 ,9.9 ,5.6 ,6.7 ,7.2 ,7.8 ,10.0 ,6.5 ,7.3 ,7.4 ,4.4 ,9.7 ,6.3 ,8.1 ,8.4 ,5.2 ,4.6 ,8.1 
158,4.1 ,7.5 ,4.1 ,5.3 ,9.6 ,6.7 ,9.6 ,4.5 ,5.6 ,8.1 ,8.6 ,7.5 ,4.8 ,9.7 ,8.7 ,6.1 ,5.0 ,4.7 ,10.0 ,5.2 ,5.5 ,5.1 ,6.5 ,7.8 ,6.7 ,4.6 ,7.5 ,5.7 ,8.7 ,8.6 ,8.6 ,10.0 ,5.5 ,9.7 ,9.1 ,4.7 
159,9.1 ,9.0 ,5.2 ,6.6 ,9.3 ,7.2 ,5.3 ,9.0 ,9.4 ,7.0 ,9.5 ,7.2 ,8.9 ,6.6 ,9.6 ,5.8 ,4.4 ,9.5 ,6.0 ,5.5 ,4.1 ,5.0 ,8.6 ,7.4 ,4.1 ,8.5 ,6.1 ,7.8 ,6.5 ,8.0 ,7.3 ,9.3 ,6.3 ,9.8 ,6.3 ,8.7 
160,9.3 ,9.9 ,6.7 ,10.0 ,9.2 ,8.1 ,6.0 ,10.0 ,8.3 ,8.4 ,8.9 ,7.2 ,8.6 ,7.4 ,7.1 ,6.5 ,7.1 ,4.3 ,6.6 ,9.0 ,4.1 ,9.4 ,9.6 ,9.8 ,8.9 ,5.3 ,6.2 ,4.6 ,4.4 ,9.5 ,6.9 ,9.1 ,6.5 ,8.6 ,9.3 ,7.9 
161,5.3 ,6.2 ,8.6 ,4.0 ,6.3 ,7.0 ,6.9 ,5.8 ,4.9 ,5.4 ,7.0 ,7.6 ,4.5 ,6.5 ,8.2 ,9.8 ,7.8 ,6.5 ,5.6 ,9.0 ,5.5 ,7.4 ,8.4 ,8.8 ,5.9 ,9.6 ,9.8 ,5.2 ,4.6 ,8.5 ,5.6 ,4.3 ,5.5 ,8.7 ,8.2 ,4.9 
162,4.8 ,6.8 ,7.4 ,7.6 ,6.1 ,8.2 ,8.4 ,5.0 ,9.7 ,8.2 ,4.1 ,9.6 ,7.0 ,7.6 ,4.7 ,8.6 ,8.9 ,9.3 ,9.4 ,7.9 ,4.2 ,5.9 ,6.3 ,8.9 ,9.1 ,8.1 ,9.1 ,7.6 ,9.0 ,7.9 ,4.1 ,9.6 ,8.2 ,8.6 ,5.6 ,4.6 
163,7.5 ,7.7 ,7.3 ,7.0 ,4.6 ,8.0 ,8.5 ,7.8 ,9.7 ,6.2 ,7.7 ,8.0 ,6.6 ,8.5 ,5.8 ,9.1 ,4.3 ,7.1 ,8.6 ,7.6 ,7.3 ,7.4 ,7.3 ,7.0 ,7.3 ,7.9 ,7.5 ,6.8 ,4.1 ,4.1 ,7.3 ,5.0 ,8.2 ,5.4 ,7.7 ,8.8 
164,9.4 ,4.8 ,6.2 ,5.6 ,9.9 ,6.0 ,4.0 ,6.5 ,4.5 ,5.7 ,7.0 ,5.7 ,6.2 ,5.0 ,4.3 ,9.8 ,5.5 ,7.3 ,4.6 ,4.6 ,9.7 ,4.4 ,7.8 ,9.1 ,7.7 ,9.8 ,7.2 ,5.2 ,5.2 ,7.0 ,4.3 ,8.8 ,6.4 ,8.7 ,5.6 ,4.7 
165,6.3 ,4.4 ,4.3 ,7.1 ,5.1 ,6.8 ,5.8 ,4.4 ,6.7 ,7.7 ,4.3 ,7.0 ,5.9 ,5.7 ,7.5 ,8.0 ,8.8 ,4.7 ,6.1 ,5.9 ,5.8 ,4.1 ,6.1 ,5.5 ,9.3 ,8.1 ,4.6 ,10.0 ,7.7 ,9.6 ,6.9 ,6.0 ,4.5 ,6.4 ,6.2 ,7.8 
166,7.4 ,9.4 ,7.0 ,6.6 ,6.5 ,7.0 ,8.2 ,6.6 ,7.7 ,5.0 ,6.7 ,9.0 ,6.0 ,5.1 ,5.3 ,7.1 ,4.4 ,6.8 ,7.2 ,9.6 ,5.9 ,7.6 ,9.4 ,4.3 ,4.2 ,8.6 ,4.2 ,9.3 ,5.6 ,9.8 ,9.8 ,5.0 ,6.7 ,9.4 ,8.6 ,9.0 
167,6.3 ,6.3 ,5.2 ,6.8 ,5.8 ,10.0 ,5.6 ,4.7 ,6.2 ,7.8 ,7.1 ,5.2 ,8.4 ,9.5 ,10.0 ,4.3 ,7.5 ,6.8 ,9.0 ,7.7 ,8.2 ,8.4 ,9.5 ,6.5 ,5.0 ,4.2 ,9.3 ,7.3 ,6.3 ,7.3 ,6.7 ,5.0 ,9.3 ,8.0 ,7.0 ,8.1 
168,6.2 ,5.0 ,4.3 ,5.3 ,5.8 ,4.5 ,8.4 ,7.5 ,5.6 ,7.0 ,6.2 ,5.5 ,9.7 ,8.0 ,5.7 ,7.1 ,9.1 ,8.8 ,8.0 ,8.7 ,7.6 ,4.1 ,4.2 ,4.5 ,4.1 ,8.1 ,9.0 ,4.8 ,9.4 ,7.3 ,6.8 ,4.9 ,5.6 ,10.0 ,8.6 ,9.8 
169,6.5 ,9.6 ,6.3 ,6.7 ,8.9 ,8.9 ,7.5 ,8.1 ,6.5 ,8.4 ,9.7 ,5.3 ,8.0 ,9.7 ,4.3 ,9.9 ,7.1 ,8.3 ,8.2 ,7.5 ,7.5 ,7.4 ,9.5 ,4.6 ,9.7 ,4.8 ,4.7 ,4.5 ,8.8 ,8.4 ,4.6 ,5.9 ,5.4 ,6.5 ,6.1 ,8.9 
170,4.3 ,6.0 ,5.2 ,8.9 ,7.3 ,8.7 ,4.0 ,8.2 ,9.5 ,7.4 ,5.1 ,5.1 ,7.9 ,7.7 ,4.2 ,5.9 ,6.0 ,5.7 ,5.5 ,8.7 ,4.2 ,5.2 ,4.4 ,7.5 ,4.3 ,8.4 ,7.7 ,6.6 ,5.6 ,5.4 ,4.4 ,9.2 ,9.8 ,9.7 ,8.7 ,8.3 
171,5.2 ,9.2 ,5.3 ,4.2 ,9.7 ,8.6 ,6.9 ,4.8 ,6.9 ,8.5 ,7.1 ,7.0 ,8.9 ,6.2 ,7.4 ,8.9 ,8.4 ,5.4 ,6.1 ,9.2 ,6.4 ,6.4 ,5.0 ,9.9 ,8.2 ,7.6 ,4.5 ,4.3 ,8.9 ,5.4 ,6.9 ,7.4 ,6.5 ,9.7 ,8.6 ,5.3 
172,9.9 ,4.2 ,8.0 ,7.1 ,8.5 ,9.4 ,9.4 ,7.9 ,6.8 ,8.8 ,5.2 ,5.0 ,5.9 ,7.9 ,7.7 ,4.1 ,8.8 ,4.6 ,4.6 ,8.2 ,5.3 ,8.9 ,9.2 ,4.9 ,8.1 ,8.0 ,8.0 ,9.8 ,8.9 ,4.7 ,8.3 ,7.4 ,5.2 ,4.8 ,6.4 ,9.3 
173,4.7 ,7.6 ,6.6 ,8.8 ,9.2 ,7.5 ,7.2 ,4.4 ,8.2 ,5.2 ,9.3 ,8.7 ,6.5 ,7.9 ,9.6 ,8.0 ,8.8 ,8.1 ,8.0 ,5.4 ,6.7 ,4.2 ,7.8 ,7.7 ,6.8 ,7.9 ,7.7 ,6.6 ,8.9 ,7.3 ,6.7 ,7.8 ,8.5 ,8.4 ,8.5 ,5.9 
174,6.7 ,8.2 ,8.9 ,9.9 ,9.7 ,7.5 ,8.3 ,8.6 ,6.1 ,6.3 ,7.4 ,7.8 ,9.1 ,6.3 ,9.1 ,6.3 ,7.3 ,7.0 ,7.3 ,4.8 ,4.6 ,9.0 ,6.6 ,5.4 ,7.3 ,9.9 ,8.7 ,6.9 ,6.9 ,8.1 ,8.3 ,4.0 ,4.1 ,8.1 ,5.9 ,4.8 
175,5.9 ,7.9 ,4.2 ,6.5 ,4.5 ,9.1 ,6.7 ,5.6 ,8.7 ,4.8 ,4.3 ,4.6 ,8.3 ,5.8 ,8.7 ,5.4 ,4.8 ,9.4 ,6.2 ,7.4 ,4.4 ,8.4 ,8.3 ,5.2 ,8.3 ,7.4 ,6.9 ,4.9 ,7.0 ,4.4 ,4.7 ,7.0 ,5.9 ,7.3 ,4.4 ,4.7 
176,9.4 ,8.2 ,8.4 ,6.8 ,8.3 ,4.4 ,4.4 ,8.4 ,5.5 ,5.0 ,5.9 ,9.2 ,9.6 ,7.4 ,4.7 ,8.0 ,4.4 ,7.8 ,5.7 ,9.5 ,9.3 ,5.3 ,8.7 ,6.3 ,9.0 ,7.8 ,9.2 ,4.1 ,4.3 ,7.6 ,8.3 ,6.5 ,9.4 ,4.1 ,5.9 ,5.1 
177,5.2 ,4.4 ,6.0 ,8.3 ,7.2 ,6.5 ,9.5 ,9.0 ,6.7 ,8.8 ,7.6 ,5.4 ,5.7 ,8.2 ,7.2 ,7.0 ,4.4 ,6.4 ,5.5 ,8.9 ,5.3 ,9.9 ,4.1 ,7.0 ,9.8 ,4.7 ,8.5 ,5.6 ,4.5 ,4.3 ,6.6 ,7.8 ,7.5 ,5.5 ,8.6 ,6.6 
178,7.2 ,9.4 ,8.9 ,9.3 ,5.5 ,5.5 ,8.8 ,4.4 ,5.3 ,7.3 ,7.0 ,5.6 ,5.8 ,5.9 ,5.9 ,5.0 ,9.6 ,4.3 ,4.7 ,6.0 ,7.3 ,7.4 ,5.1 ,6.4 ,9.9 ,9.6 ,7.8 ,7.9 ,8.2 ,4.7 ,7.8 ,8.7 ,7.4 ,4.3 ,4.3 ,8.6 
179,6.9 ,8.3 ,5.3 ,5.9 ,7.1 ,8.1 ,9.1 ,8.5 ,7.6 ,6.4 ,7.8 ,8.5 ,8.8 ,7.6 ,6.1 ,6.7 ,4.7 ,4.6 ,4.2 ,8.0 ,9.8 ,4.1 ,8.0 ,4.8 ,8.1 ,7.9 ,8.4 ,4.8 ,9.8 ,9.3 ,7.7 ,5.2 ,4.6 ,9.1 ,4.5 ,6.5 
180,5.6 ,4.6 ,6.3 ,5.2 ,5.5 ,6.1 ,7.5 ,6.0 ,6.2 ,9.2 ,4.4 ,7.2 ,9.5 ,6.3 ,6.9 ,9.0 ,6.6 ,5.9 ,4.9 ,5.1 ,9.6 ,4.5 ,4.3 ,9.3 ,5.3 ,7.4 ,7.0 ,4.7 ,5.5 ,9.0 ,8.6 ,7.1 ,4.7 ,5.2 ,7.8 ,5.3 
181,5.1 ,8.3 ,7.9 ,7.6 ,9.9 ,4.7 ,5.1 ,5.4 ,8.3 ,7.2 ,6.4 ,5.6 ,8.8 ,9.9 ,7.5 ,8.3 ,6.0 ,6.1 ,9.7 ,6.8 ,4.7 ,5.6 ,5.9 ,6.4 ,4.9 ,7.0 ,7.9 ,5.1 ,8.7 ,8.9 ,5.1 ,6.0 ,9.8 ,9.6 ,5.1 ,7.3 
182,6.6 ,4.1 ,5.8 ,7.6 ,8.1 ,6.1 ,6.1 ,6.5 ,8.1 ,9.8 ,7.4 ,7.7 ,4.6 ,6.4 ,4.7 ,8.7 ,4.8 ,6.5 ,8.2 ,6.8 ,4.7 ,5.8 ,8.2 ,4.1 ,4.0 ,8.2 ,8.5 ,6.9 ,8.5 ,6.2 ,7.9 ,7.8 ,8.0 ,4.2 ,8.3 ,6.2 
183,7.6 ,8.0 ,7.6 ,4.1 ,9.4 ,4.5 ,8.9 ,6.3 ,7.9 ,7.7 ,6.5 ,4.0 ,4.5 ,7.6 ,8.9 ,5.3 ,5.8 ,4.0 ,6.4 ,7.2 ,4.6 ,7.3 ,7.4 ,7.3 ,8.0 ,8.0 ,6.5 ,8.1 ,4.7 ,5.6 ,8.7 ,9.7 ,8.5 ,4.6 ,6.2 ,8.5 
184,6.0 ,8.3 ,8.1 ,5.6 ,5.1 ,8.1 ,8.2 ,8.6 ,6.2 ,4.5 ,9.8 ,7.1 ,6.3 ,5.1 ,7.1 ,4.9 ,6.9 ,5.8 ,5.5 ,8.5 ,4.7 ,7.2 ,4.7 ,7.9 ,4.9 ,5.8 ,4.4 ,8.8 ,5.3 ,4.8 ,6.3 ,5.8 ,5.3 ,6.4 ,9.7 ,8.6 
185,5.4 ,9.1 ,7.8 ,7.1 ,9.9 ,7.7 ,9.0 ,4.9 ,7.9 ,5.5 ,9.3 ,8.1 ,9.9 ,6.8 ,5.5 ,6.5 ,9.4 ,5.9 ,6.0 ,4.3 ,5.8 ,4.4 ,6.5 ,4.5 ,9.9 ,6.4 ,9.8 ,4.1 ,5.0 ,5.7 ,4.6 ,9.5 ,4.5 ,6.2 ,5.1 ,9.3 
186,4.8 ,9.3 ,9.5 ,9.5 ,7.7 ,7.6 ,4.4 ,8.1 ,4.4 ,9.0 ,6.3 ,4.7 ,7.2 ,7.4 ,4.3 ,4.8 ,5.5 ,7.2 ,4.9 ,6.4 ,9.0 ,10.0 ,4.8 ,9.0 ,7.1 ,9.9 ,8.5 ,5.9 ,5.0 ,6.2 ,9.5 ,9.9 ,7.9 ,9.9 ,8.9 ,4.2 
187,6.7 ,6.1 ,7.1 ,6.7 ,5.2 ,6.6 ,6.4 ,5.7 ,9.1 ,6.3 ,4.4 ,7.3 ,6.3 ,6.5 ,6.6 ,4.3 ,9.0 ,7.9 ,10.0 ,8.9 ,6.0 ,9.2 ,9.2 ,4.8 ,6.1 ,6.6 ,8.6 ,9.2 ,4.8 ,4.0 ,5.3 ,5.2 ,4.3 ,7.8 ,4.1 ,6.9 
188,8.2 ,5.9 ,5.6 ,7.1 ,7.8 ,7.8 ,7.3 ,5.5 ,5.5 ,5.6 ,4.4 ,7.3 ,5.9 ,5.4 ,6.1 ,5.7 ,8.4 ,4.5 ,7.6 ,7.0 ,4.0 ,5.7 ,8.1 ,8.0 ,8.5 ,7.9 ,9.1 ,7.0 ,4.7 ,4.2 ,7.5 ,5.9 ,5.3 ,4.0 ,5.2 ,7.9 
189,5.5 ,8.1 ,8.2 ,5.4 ,7.5 ,6.9 ,5.1 ,4.8 ,6.2 ,7.3 ,7.2 ,7.6 ,7.5 ,7.5 ,6.5 ,8.9 ,6.3 ,4.2 ,7.6 ,5.9 ,9.1 ,5.3 ,5.0 ,10.0 ,5.0 ,5.4 ,8.4 ,9.8 ,9.3 ,6.8 ,9.9 ,6.9 ,9.5 ,7.3 ,5.6 ,4.3 
190,8.3 ,8.0 ,7.6 ,8.8 ,9.0 ,6.8 ,7.6 ,6.0 ,4.3 ,9.2 ,9.8 ,8.4 ,8.3 ,5.1 ,8.3 ,7.3 ,9.2 ,5.3 ,5.0 ,4.3 ,8.1 ,8.1 ,9.8 ,5.9 ,5.0 ,9.0 ,9.0 ,8.2 ,7.2 ,9.8 ,9.8 ,5.0 ,6.0 ,4.5 ,7.0 ,7.1 
191,9.3 ,5.6 ,8.8 ,5.1 ,5.1 ,8.6 ,7.7 ,8.3 ,7.4 ,6.0 ,6.4 ,6.7 ,9.5 ,4.2 ,5.0 ,8.2 ,6.1 ,4.7 ,8.1 ,5.6 ,9.7 ,9.2 ,6.8 ,10.0 ,8.8 ,8.1 ,8.4 ,5.0 ,5.5 ,6.4 ,9.9 ,9.3 ,7.5 ,5.2 ,5.5 ,8.2 
192,8.3 ,4.4 ,9.7 ,9.5 ,4.3 ,7.0 ,8.3 ,4.9 ,9.0 ,8.2 ,8.6 ,8.7 ,4.2 ,9.9 ,9.7 ,7.0 ,8.2 ,9.8 ,5.5 ,8.7 ,9.9 ,4.4 ,8.9 ,8.5 ,9.8 ,7.4 ,6.9 ,4.1 ,4.2 ,9.2 ,6.5 ,6.6 ,5.1 ,9.2 ,6.7 ,7.7 
193,8.5 ,6.9 ,7.8 ,7.5 ,4.3 ,9.1 ,6.9 ,6.2 ,8.4 ,6.3 ,5.5 ,5.3 ,9.7 ,6.2 ,7.2 ,9.3 ,8.9 ,5.5 ,4.3 ,6.6 ,6.5 ,5.4 ,6.1 ,4.1 ,9.2 ,6.1 ,6.9 ,6.1 ,7.7 ,4.1 ,9.0 ,7.5 ,6.1 ,4.6 ,9.6 ,9.6 
194,6.7 ,6.9 ,5.6 ,7.6 ,7.5 ,7.3 ,5.5 ,6.2 ,4.0 ,5.1 ,5.6 ,9.1 ,5.7 ,8.8 ,5.4 ,7.8 ,9.9 ,7.7 ,6.5 ,9.0 ,9.2 ,6.9 ,5.8 ,9.7 ,9.1 ,7.4 ,9.1 ,5.4 ,8.4 ,4.5 ,8.8 ,7.0 ,4.6 ,6.5 ,4.9 ,10.0 
195,6.5 ,8.9 ,5.0 ,9.5 ,8.4 ,6.4 ,8.7 ,4.4 ,7.0 ,8.0 ,6.0 ,8.7 ,8.3 ,5.6 ,5.8 ,8.4 ,9.4 ,9.3 ,9.1 ,4.9 ,5.5 ,7.9 ,8.1 ,8.9 ,7.3 ,6.3 ,5.4 ,4.3 ,8.6 ,7.1 ,4.2 ,6.0 ,5.8 ,4.2 ,5.7 ,8.7 
196,5.5 ,7.8 ,4.8 ,4.0 ,9.0 ,4.7 ,7.0 ,7.2 ,4.7 ,6.8 ,5.8 ,6.0 ,8.6 ,8.2 ,6.2 ,9.1 ,6.5 ,4.2 ,4.4 ,5.4 ,8.0 ,8.3 ,9.1 ,5.7 ,8.7 ,6.1 ,9.8 ,6.6 ,7.2 ,7.1 ,4.1 ,4.4 ,8.6 ,9.9 ,4.9 ,6.1 
197,8.6 ,8.5 ,4.1 ,5.6 ,8.1 ,9.0 ,8.6 ,4.5 ,4.4 ,8.4 ,5.5 ,6.3 ,5.0 ,7.7 ,5.7 ,8.5 ,7.1 ,4.9 ,9.6 ,8.8 ,9.3 ,5.5 ,5.2 ,4.6 ,6.9 ,10.0 ,7.5 ,4.8 ,4.8 ,6.0 ,6.2 ,8.4 ,8.5 ,6.3 ,7.4 ,6.2 
198,4.8 ,7.2 ,4.1 ,7.2 ,5.3 ,5.5 ,5.6 ,4.7 ,6.7 ,7.5 ,9.0 ,8.6 ,8.3 ,10.0 ,9.4 ,4.2 ,7.5 ,6.8 ,9.4 ,9.1 ,8.6 ,4.6 ,5.5 ,4.6 ,5.0 ,4.5 ,8.0 ,6.9 ,9.0 ,8.8 ,8.9 ,7.5 ,5.7 ,5.0 ,6.3 ,4.9 
199,5.8 ,9.4 ,7.7 ,8.6 ,8.6 ,4.2 ,6.7 ,7.2 ,5.1 ,4.6 ,5.1 ,5.5 ,6.9 ,4.0 ,4.1 ,4.6 ,5.0 ,7.3 ,5.0 ,6.9 ,5.8 ,7.4 ,5.4 ,5.8 ,8.7 ,9.1 ,9.2 ,6.1 ,4.3 ,5.2 ,6.6 ,9.5 ,7.9 ,9.8 ,5.5 ,4.7 
200,6.9 ,6.7 ,6.0 ,7.5 ,4.8 ,8.9 ,6.0 ,9.4 ,4.5 ,6.9 ,6.3 ,6.4 ,5.8 ,6.6 ,8.7 ,9.1 ,4.1 ,4.8 ,8.4 ,5.4 ,8.3 ,7.4 ,6.2 ,6.0 ,8.3 ,7.1 ,5.9 ,5.0 ,5.7 ,7.3 ,5.3 ,5.3 ,9.1 ,5.0 ,9.2 ,5.9 
201,4.5 ,7.5 ,7.9 ,9.9 ,7.5 ,6.8 ,6.4 ,4.2 ,8.5 ,6.7 ,5.6 ,10.0 ,4.3 ,7.3 ,4.5 ,5.6 ,8.1 ,4.6 ,6.3 ,9.6 ,6.6 ,4.1 ,8.2 ,9.4 ,4.7 ,8.6 ,9.0 ,8.8 ,4.7 ,6.4 ,6.9 ,6.5 ,5.3 ,5.2 ,7.5 ,4.1 
202,7.4 ,8.6 ,5.2 ,7.7 ,6.7 ,7.4 ,8.0 ,6.7 ,6.4 ,9.8 ,4.4 ,5.4 ,4.0 ,4.3 ,6.0 ,5.3 ,8.2 ,4.7 ,8.1 ,7.7 ,5.5 ,9.0 ,6.3 ,7.0 ,7.2 ,6.4 ,8.6 ,5.8 ,4.9 ,4.6 ,7.5 ,7.7 ,5.1 ,9.5 ,8.0 ,5.5 
203,9.4 ,7.3 ,9.2 ,9.5 ,8.9 ,6.2 ,5.7 ,7.6 ,7.3 ,9.5 ,8.8 ,5.3 ,6.0 ,4.7 ,7.3 ,5.2 ,6.5 ,5.7 ,5.4 ,9.4 ,4.7 ,5.7 ,6.9 ,8.9 ,8.1 ,9.6 ,4.1 ,9.5 ,4.4 ,9.6 ,8.7 ,7.2 ,6.3 ,9.4 ,5.3 ,6.8 
204,6.2 ,6.3 ,9.1 ,5.3 ,10.0 ,6.6 ,7.8 ,4.8 ,4.6 ,6.5 ,7.7 ,5.7 ,5.8 ,9.3 ,4.4 ,6.1 ,4.9 ,5.2 ,7.4 ,6.1 ,5.2 ,6.4 ,4.4 ,9.7 ,4.3 ,8.9 ,7.5 ,7.0 ,7.3 ,5.1 ,8.5 ,8.9 ,4.1 ,8.8 ,8.3 ,6.9 
205,7.0 ,4.2 ,4.0 ,4.7 ,6.5 ,7.7 ,9.5 ,5.3 ,4.4 ,7.0 ,9.3 ,7.7 ,8.2 ,7.2 ,6.2 ,5.4 ,8.0 ,9.1 ,9.7 ,9.5 ,5.6 ,4.7 ,5.3 ,6.7 ,8.1 ,6.7 ,5.5 ,6.6 ,4.5 ,9.8 ,9.1 ,9.4 ,8.3 ,8.3 ,5.5 ,8.7 
206,10.0 ,7.5 ,8.0 ,8.0 ,4.9 ,8.8 ,6.0 ,9.9 ,4.0 ,9.7 ,6.4 ,4.6 ,9.7 ,5.6 ,6.5 ,5.8 ,5.3 ,6.6 ,4.4 ,6.5 ,6.8 ,8.1 ,9.2 ,9.4 ,4.6 ,5.4 ,8.5 ,6.4 ,4.4 ,5.6 ,8.5 ,7.3 ,8.0 ,6.7 ,8.7 ,8.5 
207,6.6 ,6.2 ,6.3 ,8.9 ,7.0 ,6.6 ,7.1 ,7.2 ,8.8 ,5.8 ,5.8 ,5.5 ,4.8 ,4.5 ,8.1 ,4.3 ,9.0 ,9.8 ,7.8 ,6.5 ,5.8 ,5.1 ,4.0 ,8.6 ,7.7 ,6.7 ,4.7 ,8.5 ,8.5 ,5.2 ,7.3 ,6.3 ,9.7 ,6.4 ,5.8 ,4.7 
208,4.5 ,4.7 ,9.7 ,8.4 ,7.6 ,5.3 ,4.1 ,6.3 ,5.1 ,7.5 ,6.3 ,8.6 ,4.6 ,4.6 ,4.9 ,7.2 ,8.5 ,4.3 ,7.5 ,7.9 ,5.6 ,5.5 ,5.2 ,6.3 ,8.4 ,5.4 ,4.3 ,5.5 ,8.2 ,4.2 ,4.2 ,7.6 ,9.7 ,5.0 ,5.1 ,8.9 
209,7.5 ,8.6 ,5.8 ,5.3 ,8.5 ,4.3 ,4.8 ,7.0 ,8.5 ,5.6 ,8.9 ,5.1 ,4.0 ,7.9 ,4.6 ,9.2 ,7.7 ,9.6 ,5.6 ,8.1 ,9.0 ,6.6 ,8.6 ,4.7 ,9.8 ,8.2 ,4.4 ,4.2 ,5.6 ,9.4 ,4.6 ,8.5 ,5.5 ,9.1 ,4.3 ,7.0 
210,4.6 ,7.2 ,6.7 ,4.1 ,7.4 ,8.7 ,9.3 ,5.3 ,8.0 ,9.0 ,4.6 ,7.3 ,5.6 ,8.6 ,4.6 ,8.2 ,10.0 ,6.2 ,8.4 ,4.5 ,7.6 ,4.4 ,8.7 ,5.6 ,7.2 ,7.3 ,9.4 ,6.8 ,5.2 ,8.0 ,9.0 ,7.7 ,7.0 ,8.6 ,6.7 ,5.0 
211,9.2 ,4.7 ,9.2 ,9.4 ,9.6 ,7.3 ,4.9 ,8.0 ,4.8 ,5.1 ,9.7 ,7.8 ,5.0 ,8.8 ,5.5 ,6.3 ,9.1 ,6.9 ,8.8 ,9.5 ,7.1 ,6.3 ,7.0 ,9.7 ,7.6 ,7.3 ,7.1 ,4.5 ,8.4 ,7.0 ,9.4 ,10.0 ,7.5 ,4.9 ,6.5 ,7.7 
212,9.0 ,9.8 ,8.2 ,4.5 ,8.7 ,8.1 ,4.0 ,7.9 ,9.2 ,6.7 ,4.3 ,6.8 ,8.5 ,9.8 ,6.9 ,4.1 ,5.7 ,7.1 ,6.0 ,6.0 ,9.1 ,7.6 ,7.1 ,8.1 ,6.3 ,6.0 ,4.1 ,8.7 ,9.8 ,5.1 ,4.8 ,9.2 ,8.8 ,6.6 ,8.7 ,8.3 
213,7.7 ,6.7 ,4.2 ,9.1 ,4.1 ,8.5 ,6.5 ,9.2 ,7.8 ,9.3 ,9.8 ,5.8 ,8.6 ,7.2 ,5.8 ,7.7 ,5.9 ,7.9 ,8.3 ,5.9 ,9.7 ,4.7 ,4.3 ,6.9 ,9.0 ,4.5 ,5.7 ,6.4 ,8.0 ,8.9 ,9.9 ,5.3 ,6.1 ,7.7 ,8.9 ,9.1 
214,5.2 ,5.0 ,7.9 ,6.0 ,6.5 ,8.2 ,9.8 ,8.4 ,8.7 ,9.3 ,8.9 ,4.4 ,7.5 ,8.6 ,5.7 ,6.4 ,9.6 ,9.2 ,6.7 ,6.4 ,5.7 ,8.0 ,8.9 ,8.5 ,6.7 ,5.2 ,7.7 ,9.3 ,6.5 ,6.1 ,5.9 ,5.2 ,7.6 ,7.2 ,9.2 ,7.6 
215,7.6 ,7.3 ,8.4 ,8.9 ,6.6 ,4.2 ,7.4 ,8.6 ,7.4 ,9.8 ,5.6 ,6.9 ,7.7 ,6.7 ,8.9 ,10.0 ,9.0 ,5.1 ,5.3 ,7.0 ,8.0 ,8.1 ,8.8 ,9.8 ,6.9 ,7.5 ,7.9 ,5.2 ,9.5 ,8.8 ,4.8 ,4.1 ,5.8 ,9.9 ,4.7 ,5.3 
216,9.9 ,6.0 ,7.7 ,6.1 ,8.9 ,5.0 ,6.8 ,6.2 ,4.1 ,9.7 ,6.3 ,6.4 ,4.0 ,8.8 ,9.5 ,6.4 ,5.2 ,4.2 ,7.6 ,8.9 ,8.6 ,9.1 ,7.4 ,4.7 ,7.6 ,6.0 ,7.0 ,4.8 ,4.6 ,7.4 ,9.4 ,6.6 ,4.2 ,6.0 ,4.6 ,4.6 
217,7.2 ,9.2 ,7.0 ,9.0 ,4.2 ,6.4 ,8.4 ,7.7 ,9.8 ,4.2 ,7.2 ,6.8 ,9.2 ,6.9 ,7.8 ,7.8 ,7.3 ,5.6 ,5.6 ,8.6 ,7.7 ,5.9 ,6.3 ,7.9 ,5.5 ,6.3 ,5.7 ,8.6 ,4.1 ,7.0 ,8.1 ,5.7 ,10.0 ,7.1 ,9.7 ,8.8 
218,6.3 ,9.0 ,7.0 ,7.9 ,4.7 ,4.4 ,7.2 ,7.3 ,6.6 ,6.4 ,4.5 ,7.3 ,7.4 ,8.2 ,8.6 ,9.8 ,8.7 ,8.3 ,7.4 ,6.8 ,4.5 ,6.6 ,5.4 ,6.9 ,4.4 ,6.6 ,6.0 ,8.4 ,6.8 ,9.5 ,6.2 ,10.0 ,8.8 ,7.3 ,7.3 ,6.8 
219,6.1 ,5.7 ,5.2 ,4.0 ,5.2 ,4.9 ,9.8 ,9.2 ,6.1 ,7.8 ,6.0 ,4.7 ,5.4 ,4.6 ,5.3 ,6.1 ,4.6 ,9.1 ,9.1 ,9.4 ,4.5 ,7.0 ,9.4 ,9.5 ,8.8 ,4.5 ,4.7 ,4.2 ,4.3 ,5.1 ,6.7 ,5.9 ,5.3 ,7.0 ,7.5 ,6.5 
220,8.8 ,8.8 ,4.5 ,6.5 ,8.8 ,8.7 ,4.1 ,8.2 ,8.3 ,6.5 ,4.4 ,6.4 ,8.3 ,9.6 ,4.3 ,7.7 ,5.0 ,8.7 ,4.8 ,4.0 ,5.4 ,6.3 ,6.9 ,7.7 ,6.1 ,4.7 ,4.9 ,7.5 ,8.6 ,7.8 ,8.1 ,6.2 ,5.4 ,4.8 ,8.1 ,5.0 
221,8.1 ,8.2 ,6.3 ,4.3 ,5.3 ,8.2 ,6.8 ,5.4 ,6.1 ,4.3 ,6.3 ,4.5 ,9.3 ,7.0 ,4.0 ,5.3 ,4.1 ,4.9 ,7.1 ,7.7 ,4.4 ,9.4 ,7.7 ,7.7 ,5.8 ,6.2 ,8.9 ,8.2 ,7.2 ,6.9 ,4.4 ,6.0 ,5.4 ,6.5 ,5.8 ,5.5 
222,6.7 ,4.8 ,7.1 ,7.0 ,10.0 ,5.2 ,8.8 ,8.0 ,6.0 ,6.2 ,7.2 ,9.7 ,8.7 ,9.4 ,8.6 ,6.0 ,6.7 ,9.6 ,5.0 ,9.2 ,10.0 ,4.1 ,4.7 ,4.0 ,6.0 ,7.7 ,9.5 ,9.2 ,5.1 ,4.1 ,7.1 ,4.3 ,4.3 ,4.1 ,6.7 ,7.1 
223,9.4 ,4.3 ,6.1 ,4.4 ,7.7 ,8.3 ,7.1 ,9.0 ,9.8 ,4.1 ,5.5 ,8.5 ,8.9 ,9.8 ,7.7 ,5.5 ,9.6 ,4.3 ,9.0 ,6.0 ,6.9 ,8.1 ,8.6 ,4.2 ,4.5 ,9.6 ,9.9 ,4.6 ,8.4 ,5.1 ,5.2 ,7.4 ,5.5 ,4.5 ,9.8 ,5.1 
224,10.0 ,9.0 ,4.7 ,7.1 ,4.9 ,8.3 ,4.1 ,7.8 ,9.3 ,6.3 ,6.1 ,4.6 ,8.3 ,7.0 ,4.6 ,4.8 ,9.5 ,4.7 ,6.7 ,7.2 ,5.9 ,5.5 ,8.6 ,4.8 ,4.2 ,8.2 ,9.4 ,6.0 ,5.9 ,7.1 ,4.2 ,7.9 ,6.5 ,9.5 ,9.3 ,6.6 
225,5.0 ,7.5 ,9.2 ,9.3 ,4.1 ,5.3 ,5.3 ,5.6 ,7.5 ,8.8 ,8.0 ,7.0 ,6.6 ,6.0 ,6.1 ,9.9 ,4.8 ,8.4 ,8.4 ,9.4 ,5.4 ,6.9 ,8.4 ,6.8 ,9.4 ,9.4 ,8.1 ,6.5 ,5.0 ,6.0 ,9.0 ,9.0 ,8.8 ,9.7 ,6.5 ,8.4 
226,6.1 ,4.4 ,5.3 ,8.8 ,9.3 ,5.9 ,7.9 ,4.6 ,8.8 ,5.4 ,8.2 ,7.6 ,4.4 ,8.4 ,6.4 ,8.1 ,6.2 ,6.1 ,6.9 ,6.9 ,6.9 ,4.1 ,6.9 ,4.4 ,5.2 ,7.4 ,6.0 ,4.7 ,6.6 ,7.6 ,7.1 ,7.3 ,8.6 ,8.8 ,5.5 ,6.8 
227,6.8 ,7.0 ,4.6 ,5.1 ,8.3 ,8.7 ,4.2 ,8.3 ,7.5 ,9.2 ,7.6 ,6.1 ,5.4 ,8.0 ,6.8 ,6.6 ,4.6 ,5.8 ,6.5 ,5.2 ,8.8 ,8.0 ,9.1 ,4.7 ,4.8 ,5.0 ,8.5 ,4.7 ,6.1 ,4.4 ,9.0 ,5.8 ,4.7 ,6.5 ,5.4 ,9.5 
228,7.3 ,4.8 ,6.8 ,4.8 ,4.4 ,8.2 ,6.9 ,8.7 ,9.7 ,7.9 ,9.9 ,8.1 ,7.7 ,9.0 ,9.8 ,5.1 ,7.1 ,5.5 ,8.8 ,5.2 ,7.5 ,5.8 ,5.6 ,7.2 ,8.9 ,4.2 ,9.6 ,7.8 ,4.9 ,9.1 ,5.9 ,6.5 ,8.1 ,5.7 ,5.1 ,9.6 
229,6.6 ,6.2 ,9.4 ,8.9 ,5.1 ,7.3 ,4.7 ,8.4 ,6.2 ,7.5 ,10.0 ,6.4 ,6.1 ,6.3 ,4.4 ,7.1 ,6.0 ,7.9 ,9.1 ,7.3 ,5.8 ,5.7 ,6.7 ,7.6 ,7.6 ,5.3 ,9.2 ,9.9 ,9.3 ,5.0 ,7.7 ,9.3 ,8.0 ,8.1 ,9.9 ,6.3 
230,9.8 ,9.1 ,6.7 ,4.2 ,6.2 ,6.9 ,9.4 ,8.6 ,7.8 ,9.4 ,8.4 ,5.6 ,8.5 ,8.1 ,5.7 ,6.9 ,4.9 ,6.5 ,7.6 ,7.6 ,5.6 ,7.0 ,10.0 ,8.3 ,10.0 ,4.7 ,4.8 ,7.8 ,7.4 ,6.9 ,4.1 ,5.7 ,8.0 ,8.9 ,6.0 ,4.9 
231,5.7 ,7.6 ,9.6 ,9.3 ,9.2 ,5.0 ,6.6 ,5.1 ,4.7 ,6.4 ,7.0 ,9.4 ,6.7 ,8.7 ,8.7 ,5.7 ,8.7 ,9.9 ,6.8 ,7.0 ,6.7 ,9.5 ,9.1 ,7.6 ,9.6 ,7.5 ,6.8 ,4.2 ,5.7 ,4.0 ,6.6 ,9.3 ,7.0 ,7.3 ,7.0 ,7.0 
232,7.5 ,6.6 ,5.6 ,9.6 ,8.0 ,6.5 ,8.4 ,6.9 ,6.6 ,8.8 ,7.3 ,6.3 ,6.6 ,8.6 ,8.6 ,5.0 ,8.1 ,5.6 ,6.1 ,5.8 ,5.3 ,7.0 ,9.0 ,8.1 ,9.0 ,7.1 ,9.3 ,9.0 ,5.5 ,9.7 ,4.2 ,4.4 ,9.0 ,7.9 ,6.7 ,5.2 
233,5.5 ,9.6 ,5.4 ,7.7 ,6.9 ,8.0 ,6.2 ,9.6 ,6.7 ,7.2 ,5.9 ,9.4 ,9.0 ,6.3 ,7.6 ,6.1 ,6.2 ,5.8 ,5.9 ,5.3 ,5.3 ,8.0 ,5.8 ,9.7 ,4.9 ,5.1 ,4.7 ,9.1 ,4.5 ,5.7 ,6.6 ,5.1 ,7.4 ,9.7 ,8.9 ,5.8 
234,5.6 ,7.2 ,6.0 ,5.8 ,6.8 ,5.7 ,9.1 ,9.5 ,7.5 ,8.3 ,8.1 ,9.9 ,4.1 ,8.6 ,8.3 ,9.6 ,8.9 ,8.9 ,10.0 ,8.3 ,8.4 ,9.7 ,4.3 ,5.1 ,5.5 ,7.2 ,5.2 ,6.4 ,7.2 ,8.3 ,6.4 ,9.9 ,5.6 ,9.5 ,8.8 ,8.7 
235,9.1 ,7.8 ,9.0 ,9.8 ,8.4 ,6.4 ,4.9 ,4.8 ,5.7 ,6.6 ,7.5 ,4.8 ,4.1 ,6.0 ,7.7 ,7.5 ,9.2 ,8.0 ,9.0 ,9.0 ,6.7 ,4.8 ,5.9 ,8.4 ,8.1 ,9.8 ,4.4 ,8.3 ,9.2 ,8.6 ,7.0 ,5.2 ,8.8 ,7.3 ,5.8 ,7.7 
236,7.5 ,5.5 ,8.0 ,5.3 ,5.6 ,4.1 ,8.9 ,5.4 ,8.4 ,5.5 ,7.1 ,4.7 ,7.7 ,4.2 ,6.8 ,7.4 ,6.5 ,8.6 ,5.5 ,4.9 ,8.7 ,6.7 ,6.0 ,9.4 ,4.1 ,6.8 ,8.9 ,4.9 ,6.2 ,8.4 ,9.7 ,9.5 ,7.1 ,9.4 ,4.3 ,8.6 
237,8.2 ,4.2 ,10.0 ,8.7 ,6.3 ,6.9 ,4.2 ,6.8 ,5.9 ,5.9 ,6.4 ,5.3 ,8.2 ,6.4 ,7.5 ,6.9 ,9.9 ,9.7 ,9.4 ,8.5 ,9.6 ,4.7 ,8.0 ,8.6 ,4.9 ,6.2 ,4.3 ,7.3 ,7.6 ,4.6 ,7.6 ,8.5 ,7.5 ,5.8 ,7.4 ,6.1 
238,7.2 ,4.6 ,5.5 ,7.4 ,6.2 ,6.4 ,9.2 ,7.3 ,8.0 ,5.0 ,4.3 ,9.0 ,6.4 ,5.9 ,6.3 ,9.0 ,4.3 ,7.0 ,4.3 ,5.1 ,7.2 ,9.6 ,8.6 ,7.5 ,10.0 ,9.3 ,4.1 ,7.2 ,4.2 ,9.6 ,8.4 ,9.4 ,9.4 ,4.6 ,7.5 ,8.7 
239,5.9 ,9.5 ,6.9 ,9.9 ,4.9 ,4.1 ,6.2 ,5.5 ,5.9 ,6.6 ,9.4 ,5.9 ,9.8 ,6.7 ,5.3 ,8.5 ,9.0 ,7.3 ,7.6 ,7.2 ,7.0 ,4.5 ,6.0 ,8.4 ,6.1 ,5.2 ,8.7 ,8.4 ,6.3 ,7.7 ,5.8 ,9.3 ,5.6 ,8.8 ,6.1 ,4.8 
240,6.3 ,4.7 ,9.2 ,5.2 ,7.6 ,6.9 ,9.4 ,6.6 ,4.5 ,8.8 ,9.6 ,7.1 ,8.8 ,5.7 ,6.8 ,7.2 ,6.2 ,5.0 ,4.7 ,8.4 ,8.3 ,5.3 ,9.6 ,7.5 ,9.1 ,4.9 ,9.7 ,9.3 ,7.2 ,4.1 ,4.7 ,6.6 ,6.0 ,8.5 ,8.8 ,6.8 
241,8.7 ,6.0 ,6.1 ,5.7 ,6.5 ,8.7 ,9.6 ,7.5 ,5.3 ,5.4 ,6.0 ,9.2 ,9.4 ,9.0 ,8.4 ,9.6 ,5.6 ,9.4 ,8.1 ,9.8 ,4.2 ,8.2 ,6.5 ,8.0 ,4.3 ,6.7 ,8.3 ,9.1 ,5.2 ,9.3 ,5.0 ,9.6 ,9.5 ,5.2 ,7.7 ,8.0 
242,6.0 ,7.9 ,6.4 ,5.1 ,7.5 ,8.6 ,5.2 ,7.1 ,5.1 ,6.8 ,7.0 ,8.3 ,8.7 ,9.4 ,4.3 ,4.5 ,4.2 ,6.7 ,5.4 ,6.7 ,6.0 ,8.0 ,9.7 ,8.3 ,6.1 ,9.7 ,5.1 ,4.8 ,7.5 ,9.7 ,5.3 ,5.4 ,4.3 ,6.1 ,5.6 ,8.2 
243,7.5 ,4.6 ,7.5 ,7.3 ,4.0 ,9.1 ,6.9 ,9.3 ,4.4 ,9.4 ,4.7 ,6.0 ,5.7 ,7.2 ,6.6 ,5.8 ,6.1 ,6.6 ,5.6 ,5.7 ,8.9 ,9.2 ,9.5 ,7.5 ,9.4 ,4.3 ,5.8 ,6.7 ,5.4 ,5.3 ,4.2 ,7.1 ,6.1 ,5.5 ,6.0 ,9.2 
244,9.5 ,5.7 ,4.2 ,7.8 ,9.0 ,4.6 ,5.5 ,7.1 ,8.3 ,6.7 ,6.2 ,5.7 ,7.2 ,5.4 ,6.1 ,8.2 ,8.8 ,5.1 ,6.0 ,6.2 ,10.0 ,5.7 ,9.6 ,5.2 ,5.3 ,7.3 ,7.9 ,9.3 ,7.5 ,9.3 ,6.7 ,6.6 ,8.0 ,7.5 ,7.1 ,5.8 
245,4.7 ,6.1 ,8.2 ,6.5 ,7.5 ,9.2 ,8.5 ,7.0 ,8.2 ,5.1 ,7.5 ,6.4 ,4.8 ,6.0 ,8.0 ,6.9 ,8.6 ,8.8 ,8.2 ,8.9 ,4.7 ,5.0 ,9.7 ,6.6 ,8.9 ,7.5 ,9.0 ,9.6 ,9.4 ,9.1 ,5.3 ,6.6 ,8.9 ,8.0 ,5.0 ,6.0 
246,5.5 ,9.3 ,4.3 ,8.9 ,8.5 ,9.3 ,10.0 ,6.8 ,5.3 ,8.8 ,6.1 ,9.1 ,7.1 ,5.6 ,6.8 ,8.5 ,7.4 ,8.3 ,6.0 ,9.7 ,7.2 ,5.5 ,7.7 ,4.8 ,6.1 ,8.9 ,4.7 ,5.9 ,7.8 ,9.5 ,7.8 ,4.6 ,7.9 ,9.5 ,7.5 ,9.4 
247,6.9 ,4.2 ,9.6 ,4.4 ,4.9 ,7.9 ,5.4 ,6.6 ,9.1 ,6.5 ,5.4 ,4.9 ,4.3 ,5.3 ,4.0 ,8.6 ,5.7 ,5.2 ,5.3 ,6.0 ,7.1 ,7.2 ,7.4 ,4.5 ,5.3 ,4.4 ,5.3 ,8.4 ,9.5 ,7.4 ,4.7 ,5.5 ,8.9 ,8.4 ,5.5 ,7.6 
248,7.9 ,6.3 ,4.8 ,6.1 ,6.4 ,8.5 ,9.1 ,7.3 ,7.3 ,8.1 ,8.8 ,7.3 ,4.8 ,6.1 ,7.2 ,6.5 ,7.6 ,8.1 ,6.2 ,5.2 ,9.3 ,4.6 ,8.3 ,7.5 ,9.9 ,4.9 ,4.1 ,9.9 ,9.8 ,7.6 ,8.4 ,8.4 ,5.7 ,4.0 ,5.9 ,9.8 
249,5.2 ,8.1 ,6.5 ,6.3 ,6.0 ,5.9 ,9.3 ,4.2 ,9.4 ,9.3 ,9.3 ,4.4 ,8.2 ,5.6 ,4.0 ,4.1 ,4.1 ,5.9 ,4.8 ,7.7 ,4.7 ,4.9 ,9.4 ,9.4 ,8.5 ,9.7 ,7.0 ,6.5 ,4.3 ,9.0 ,4.1 ,8.0 ,8.6 ,8.1 ,9.1 ,4.2 
250,6.5 ,8.5 ,6.5 ,9.9 ,7.7 ,8.1 ,6.7 ,9.1 ,6.9 ,6.1 ,7.4 ,6.1 ,7.5 ,6.2 ,4.1 ,4.8 ,6.0 ,5.7 ,7.2 ,7.3 ,8.4 ,8.8 ,4.6 ,9.3 ,8.4 ,7.1 ,5.1 ,6.8 ,4.5 ,8.1 ,8.5 ,5.8 ,4.0 ,5.6 ,6.7 ,5.3 
251,7.2 ,9.5 ,8.0 ,6.8 ,8.3 ,9.9 ,6.2 ,8.8 ,5.9 ,7.4 ,4.9 ,5.3 ,5.2 ,9.5 ,5.9 ,7.3 ,7.2 ,5.2 ,5.5 ,4.4 ,5.1 ,9.8 ,7.5 ,4.9 ,6.4 ,4.3 ,7.0 ,5.4 ,4.6 ,4.3 ,6.5 ,9.6 ,5.5 ,5.4 ,6.6 ,6.1 
252,4.5 ,8.7 ,9.2 ,7.4 ,5.0 ,4.8 ,4.5 ,6.2 ,8.4 ,5.0 ,9.5 ,7.1 ,5.1 ,8.9 ,8.7 ,9.6 ,6.6 ,8.3 ,8.9 ,7.3 ,5.0 ,4.1 ,5.5 ,10.0 ,7.4 ,6.6 ,7.8 ,9.0 ,7.0 ,7.4 ,9.9 ,5.4 ,5.9 ,5.8 ,6.7 ,4.3 
253,7.0 ,5.9 ,4.2 ,5.0 ,6.0 ,6.7 ,7.8 ,4.9 ,8.2 ,7.3 ,6.7 ,5.6 ,8.7 ,7.6 ,8.2 ,7.5 ,7.1 ,5.2 ,5.4 ,6.1 ,4.8 ,6.4 ,6.1 ,6.3 ,5.8 ,9.3 ,4.2 ,8.3 ,6.4 ,9.0 ,9.3 ,4.6 ,5.5 ,6.9 ,6.1 ,7.4 
254,8.0 ,9.9 ,4.1 ,8.3 ,9.8 ,5.5 ,9.2 ,8.6 ,6.8 ,4.8 ,8.2 ,9.1 ,6.6 ,6.0 ,8.7 ,5.2 ,6.9 ,8.3 ,6.0 ,8.4 ,5.0 ,7.8 ,8.5 ,8.5 ,4.7 ,4.3 ,9.8 ,9.6 ,5.7 ,5.9 ,9.1 ,5.9 ,5.6 ,9.7 ,6.4 ,7.9 
255,6.7 ,7.6 ,7.6 ,6.4 ,7.3 ,9.4 ,6.5 ,9.1 ,4.2 ,8.0 ,7.4 ,7.9 ,6.2 ,8.3 ,9.0 ,6.0 ,8.0 ,4.5 ,4.7 ,5.6 ,6.0 ,9.6 ,5.7 ,8.1 ,7.1 ,5.9 ,7.6 ,8.2 ,5.2 ,8.7 ,9.7 ,4.8 ,8.7 ,4.6 ,5.7 ,6.6 
256,5.0 ,5.3 ,7.4 ,4.6 ,6.5 ,5.1 ,5.0 ,9.2 ,7.7 ,8.7 ,9.2 ,6.0 ,6.7 ,4.8 ,5.1 ,7.4 ,9.2 ,7.3 ,4.7 ,4.6 ,8.9 ,7.1 ,4.2 ,6.9 ,9.9 ,9.0 ,4.1 ,7.6 ,6.3 ,4.3 ,4.1 ,5.6 ,5.8 ,8.6 ,9.7 ,9.2 
257,8.9 ,4.7 ,6.9 ,4.5 ,4.6 ,5.5 ,5.4 ,6.6 ,9.2 ,6.9 ,7.8 ,9.3 ,7.2 ,6.0 ,6.1 ,8.1 ,4.5 ,5.0 ,8.6 ,4.6 ,9.1 ,6.0 ,4.9 ,6.6 ,6.1 ,6.6 ,4.1 ,9.6 ,7.2 ,9.9 ,9.8 ,9.9 ,9.8 ,6.1 ,4.6 ,4.7 
258,7.0 ,8.1 ,9.1 ,5.5 ,7.3 ,7.8 ,6.3 ,5.5 ,7.5 ,7.4 ,7.1 ,6.0 ,6.8 ,4.8 ,9.8 ,7.7 ,6.1 ,7.7 ,8.4 ,9.3 ,4.7 ,4.6 ,5.1 ,7.3 ,4.3 ,4.8 ,9.2 ,6.4 ,9.9 ,5.1 ,8.4 ,8.6 ,8.2 ,6.8 ,4.2 ,5.0 
259,7.0 ,8.5 ,4.5 ,6.6 ,6.4 ,8.5 ,5.9 ,4.8 ,5.4 ,6.8 ,7.2 ,9.3 ,9.6 ,9.2 ,8.3 ,9.9 ,4.3 ,6.7 ,4.0 ,7.9 ,7.8 ,7.1 ,7.5 ,7.9 ,6.7 ,8.6 ,4.5 ,6.3 ,9.3 ,9.9 ,7.8 ,8.6 ,9.1 ,5.2 ,7.8 ,5.0 
260,9.0 ,6.9 ,7.6 ,4.5 ,5.1 ,9.5 ,8.1 ,4.4 ,4.5 ,8.1 ,8.0 ,9.1 ,6.0 ,7.3 ,5.7 ,9.0 ,7.1 ,5.2 ,4.8 ,8.5 ,7.9 ,5.4 ,8.8 ,7.6 ,4.5 ,4.2 ,7.7 ,5.6 ,9.9 ,8.5 ,9.2 ,9.6 ,6.0 ,5.3 ,4.5 ,5.9 
261,4.5 ,5.8 ,7.7 ,5.6 ,6.5 ,4.1 ,6.2 ,9.0 ,6.7 ,6.7 ,8.6 ,8.7 ,9.7 ,5.6 ,9.5 ,4.7 ,7.7 ,8.7 ,9.6 ,9.0 ,8.3 ,4.3 ,4.1 ,5.5 ,4.5 ,5.6 ,5.1 ,4.8 ,6.9 ,8.6 ,9.6 ,9.2 ,8.0 ,7.6 ,4.5 ,4.1 
262,9.8 ,5.4 ,7.0 ,4.1 ,4.0 ,6.6 ,8.3 ,6.4 ,4.6 ,5.0 ,6.1 ,9.7 ,8.9 ,8.3 ,7.7 ,9.6 ,5.1 ,7.8 ,6.6 ,8.3 ,6.1 ,4.7 ,8.0 ,6.4 ,7.3 ,7.6 ,4.2 ,7.4 ,4.1 ,9.0 ,6.6 ,6.5 ,6.9 ,6.4 ,4.4 ,4.9 
263,4.2 ,7.3 ,7.0 ,7.4 ,4.5 ,9.0 ,8.5 ,9.9 ,8.0 ,4.0 ,5.0 ,8.4 ,9.0 ,6.1 ,4.1 ,8.7 ,5.7 ,5.3 ,7.1 ,5.0 ,7.4 ,6.9 ,8.3 ,7.3 ,8.5 ,6.6 ,9.7 ,6.5 ,6.0 ,5.7 ,5.6 ,4.3 ,8.5 ,4.5 ,6.2 ,5.5 
264,5.2 ,4.5 ,4.1 ,6.2 ,7.7 ,5.0 ,6.8 ,4.5 ,8.7 ,8.9 ,7.5 ,8.1 ,7.6 ,6.4 ,7.9 ,4.5 ,8.7 ,5.8 ,9.5 ,7.3 ,6.1 ,7.1 ,8.0 ,5.3 ,6.8 ,5.6 ,5.6 ,8.1 ,5.5 ,5.5 ,8.9 ,9.6 ,6.2 ,9.5 ,9.1 ,10.0 
265,4.4 ,7.5 ,9.5 ,9.5 ,5.1 ,7.0 ,6.7 ,8.7 ,10.0 ,6.0 ,8.2 ,8.8 ,6.1 ,5.5 ,5.4 ,5.0 ,7.0 ,7.6 ,8.4 ,5.8 ,5.3 ,6.0 ,4.2 ,4.7 ,4.8 ,6.2 ,4.3 ,7.9 ,5.6 ,7.3 ,4.1 ,9.3 ,6.3 ,4.1 ,5.6 ,6.9 
266,9.1 ,6.6 ,8.8 ,7.8 ,9.5 ,4.9 ,7.7 ,8.1 ,8.2 ,8.2 ,4.3 ,9.5 ,5.2 ,9.6 ,6.2 ,6.7 ,7.6 ,4.9 ,8.0 ,5.8 ,7.6 ,9.1 ,6.8 ,7.1 ,4.2 ,5.7 ,7.4 ,6.3 ,9.7 ,7.8 ,8.9 ,8.0 ,7.9 ,5.2 ,6.5 ,8.7 
267,7.3 ,6.8 ,4.9 ,8.7 ,10.0 ,8.6 ,8.9 ,9.0 ,5.0 ,8.4 ,4.1 ,5.1 ,4.5 ,7.5 ,8.4 ,4.5 ,6.2 ,9.7 ,6.5 ,7.6 ,6.0 ,6.1 ,6.4 ,6.6 ,5.4 ,5.9 ,9.7 ,9.1 ,4.8 ,6.3 ,7.1 ,8.8 ,8.6 ,4.3 ,4.9 ,6.1 
268,4.6 ,9.5 ,9.0 ,7.2 ,10.0 ,8.4 ,4.9 ,4.7 ,5.1 ,6.2 ,6.8 ,6.7 ,4.8 ,5.9 ,5.6 ,4.2 ,6.5 ,9.9 ,5.1 ,5.4 ,4.4 ,7.9 ,7.8 ,5.5 ,5.1 ,5.5 ,6.4 ,7.8 ,9.1 ,7.1 ,8.2 ,8.5 ,9.7 ,8.6 ,6.7 ,6.1 
269,4.3 ,5.4 ,9.9 ,6.2 ,6.4 ,4.7 ,9.3 ,9.5 ,8.0 ,6.6 ,10.0 ,9.4 ,6.6 ,7.4 ,7.0 ,9.4 ,6.7 ,5.3 ,6.5 ,4.5 ,8.4 ,7.3 ,7.7 ,5.4 ,7.6 ,7.7 ,9.9 ,6.4 ,9.8 ,4.9 ,4.1 ,7.8 ,4.8 ,7.4 ,6.4 ,6.7 
270,4.7 ,5.0 ,7.0 ,7.4 ,7.8 ,8.2 ,4.2 ,7.0 ,5.9 ,9.3 ,6.8 ,6.8 ,4.4 ,6.6 ,9.6 ,4.1 ,8.9 ,7.7 ,8.6 ,9.6 ,4.3 ,8.9 ,6.2 ,5.9 ,9.4 ,4.1 ,7.9 ,6.1 ,8.9 ,6.8 ,7.3 ,9.7 ,7.7 ,4.7 ,6.0 ,4.2 
271,7.9 ,4.0 ,4.7 ,4.1 ,4.6 ,8.9 ,7.0 ,6.0 ,6.7 ,7.7 ,8.0 ,9.3 ,9.8 ,6.4 ,9.1 ,4.5 ,7.6 ,6.7 ,5.9 ,5.5 ,4.7 ,5.6 ,5.1 ,5.2 ,5.8 ,6.5 ,4.8 ,9.6 ,8.7 ,8.1 ,7.8 ,4.8 ,5.7 ,8.0 ,6.9 ,6.3 
272,4.6 ,5.7 ,9.1 ,5.4 ,9.8 ,6.7 ,8.5 ,9.5 ,7.8 ,5.2 ,6.3 ,4.4 ,6.0 ,7.0 ,5.9 ,6.5 ,6.8 ,8.1 ,9.4 ,6.9 ,5.1 ,8.2 ,5.6 ,5.4 ,9.1 ,4.9 ,8.3 ,8.2 ,5.9 ,5.3 ,9.0 ,7.4 ,5.8 ,7.5 ,6.7 ,9.5 
273,5.4 ,7.1 ,10.0 ,9.8 ,6.7 ,6.6 ,6.5 ,8.3 ,4.5 ,7.1 ,5.4 ,8.9 ,6.8 ,6.5 ,7.2 ,7.3 ,4.7 ,4.8 ,5.2 ,8.7 ,5.8 ,6.7 ,9.6 ,8.8 ,6.5 ,9.0 ,4.3 ,7.7 ,6.7 ,4.8 ,7.2 ,9.6 ,4.2 ,5.6 ,4.3 ,5.3 
274,6.0 ,10.0 ,9.6 ,9.2 ,7.0 ,6.3 ,4.2 ,6.9 ,9.9 ,4.5 ,8.6 ,8.0 ,8.7 ,8.7 ,5.3 ,7.2 ,4.3 ,7.8 ,8.8 ,4.4 ,9.1 ,7.1 ,7.4 ,6.6 ,7.1 ,7.8 ,6.9 ,5.6 ,5.5 ,5.8 ,8.1 ,8.5 ,8.9 ,6.9 ,9.4 ,9.2 
275,6.5 ,6.9 ,6.6 ,8.8 ,8.7 ,4.6 ,5.2 ,4.1 ,7.3 ,7.6 ,5.6 ,6.3 ,8.3 ,6.2 ,6.8 ,5.6 ,9.8 ,8.9 ,9.7 ,6.4 ,6.8 ,6.5 ,8.7 ,7.5 ,9.7 ,4.8 ,8.8 ,5.1 ,7.9 ,5.5 ,8.6 ,8.8 ,6.7 ,5.8 ,9.1 ,9.9 
276,8.9 ,8.5 ,7.1 ,6.1 ,9.5 ,9.9 ,5.6 ,5.7 ,9.9 ,5.9 ,4.8 ,6.3 ,9.6 ,7.2 ,6.8 ,4.5 ,6.4 ,9.6 ,7.0 ,8.5 ,8.4 ,8.3 ,6.2 ,5.9 ,9.6 ,8.3 ,5.3 ,6.0 ,9.1 ,9.4 ,8.8 ,7.0 ,7.8 ,8.2 ,5.2 ,9.0 
277,8.3 ,4.2 ,9.2 ,8.1 ,6.4 ,9.1 ,9.1 ,7.1 ,5.9 ,7.8 ,9.2 ,9.4 ,8.1 ,7.0 ,5.5 ,7.7 ,7.2 ,4.5 ,8.7 ,9.4 ,9.2 ,6.3 ,8.6 ,4.2 ,4.1 ,5.3 ,4.2 ,9.8 ,5.0 ,5.9 ,4.3 ,6.0 ,6.4 ,6.1 ,7.7 ,7.7 
278,9.2 ,6.2 ,9.2 ,9.9 ,4.7 ,6.9 ,5.9 ,5.2 ,5.6 ,5.6 ,5.2 ,5.9 ,4.6 ,6.3 ,5.6 ,6.3 ,9.6 ,7.5 ,8.5 ,8.8 ,7.4 ,9.3 ,8.9 ,8.0 ,4.1 ,5.9 ,7.4 ,6.7 ,6.3 ,4.8 ,9.9 ,9.2 ,9.1 ,5.7 ,8.2 ,4.2 
279,6.7 ,7.9 ,7.4 ,7.1 ,7.2 ,6.3 ,8.3 ,6.3 ,7.9 ,9.3 ,5.6 ,7.2 ,4.0 ,5.5 ,9.7 ,7.0 ,7.0 ,5.0 ,5.2 ,5.3 ,8.3 ,7.3 ,6.3 ,4.6 ,4.6 ,6.5 ,5.4 ,8.0 ,4.3 ,8.5 ,4.3 ,8.2 ,9.0 ,9.3 ,4.9 ,8.6 
280,9.1 ,5.5 ,4.9 ,7.8 ,6.8 ,8.3 ,6.7 ,7.7 ,6.1 ,8.4 ,7.6 ,9.1 ,7.1 ,6.3 ,4.9 ,9.1 ,5.9 ,5.5 ,7.8 ,4.8 ,8.8 ,5.1 ,6.7 ,8.5 ,6.7 ,7.8 ,8.1 ,9.3 ,5.5 ,8.4 ,8.5 ,7.8 ,6.3 ,5.4 ,8.1 ,8.9 
281,4.4 ,5.3 ,9.4 ,6.6 ,4.8 ,5.8 ,6.6 ,7.7 ,7.7 ,9.0 ,8.9 ,4.5 ,6.1 ,9.7 ,5.6 ,9.6 ,8.8 ,7.5 ,4.2 ,7.7 ,5.7 ,8.0 ,6.0 ,8.4 ,8.3 ,5.8 ,6.0 ,7.6 ,9.6 ,9.3 ,7.4 ,8.9 ,8.2 ,7.2 ,4.1 ,5.7 
282,7.4 ,6.6 ,8.3 ,8.4 ,9.4 ,8.9 ,5.8 ,8.0 ,8.0 ,9.5 ,6.8 ,6.7 ,5.5 ,5.1 ,8.7 ,5.0 ,7.6 ,8.5 ,5.2 ,7.2 ,9.2 ,5.9 ,4.9 ,9.2 ,7.6 ,8.1 ,7.0 ,7.3 ,4.1 ,7.5 ,6.7 ,8.5 ,7.7 ,9.7 ,7.4 ,4.3 
283,6.5 ,8.1 ,8.9 ,5.8 ,7.5 ,9.8 ,9.2 ,4.4 ,5.8 ,4.4 ,7.8 ,7.1 ,4.5 ,9.0 ,4.8 ,7.4 ,4.5 ,8.3 ,4.6 ,9.3 ,9.0 ,4.6 ,8.6 ,9.3 ,9.8 ,5.1 ,4.9 ,6.4 ,7.1 ,8.9 ,9.6 ,6.5 ,6.0 ,9.9 ,8.7 ,9.6 
284,9.8 ,7.3 ,7.3 ,7.2 ,6.5 ,9.6 ,8.6 ,6.7 ,7.7 ,9.4 ,7.8 ,4.1 ,5.4 ,8.9 ,7.6 ,4.3 ,7.1 ,6.6 ,6.2 ,7.1 ,5.5 ,4.6 ,5.1 ,7.6 ,7.5 ,8.3 ,4.7 ,9.7 ,5.4 ,4.1 ,4.4 ,4.6 ,9.3 ,9.8 ,8.9 ,9.4 
285,7.7 ,4.6 ,6.9 ,7.1 ,8.1 ,9.2 ,7.3 ,8.0 ,9.9 ,7.3 ,6.5 ,6.6 ,8.0 ,4.1 ,6.7 ,7.9 ,8.8 ,8.1 ,7.6 ,5.1 ,4.9 ,7.1 ,8.6 ,7.0 ,4.1 ,6.9 ,7.2 ,5.5 ,9.4 ,9.9 ,4.5 ,7.7 ,5.9 ,8.0 ,5.8 ,9.8 
286,5.2 ,7.8 ,4.9 ,9.6 ,4.1 ,7.5 ,4.2 ,4.2 ,9.3 ,9.6 ,7.1 ,5.0 ,6.8 ,5.0 ,4.6 ,8.6 ,5.8 ,9.7 ,9.1 ,5.9 ,5.2 ,7.6 ,5.7 ,5.3 ,5.3 ,7.3 ,4.9 ,4.1 ,8.2 ,4.3 ,4.2 ,7.7 ,9.0 ,8.4 ,9.2 ,7.7 
287,6.8 ,7.4 ,7.6 ,8.1 ,7.9 ,7.6 ,9.1 ,6.7 ,10.0 ,4.6 ,5.5 ,8.8 ,6.4 ,7.0 ,4.3 ,9.9 ,6.0 ,5.2 ,4.4 ,4.7 ,4.0 ,5.7 ,6.0 ,9.9 ,7.9 ,8.4 ,4.3 ,9.5 ,9.9 ,4.3 ,4.4 ,4.7 ,6.9 ,5.9 ,6.8 ,5.8 
288,8.1 ,7.9 ,5.3 ,7.9 ,7.0 ,9.0 ,5.7 ,4.9 ,9.6 ,6.3 ,8.2 ,4.3 ,6.1 ,4.1 ,4.1 ,6.9 ,4.3 ,4.8 ,9.5 ,9.8 ,9.7 ,10.0 ,9.7 ,7.2 ,9.6 ,8.7 ,5.4 ,9.8 ,8.5 ,7.6 ,9.8 ,9.3 ,5.1 ,9.3 ,8.9 ,7.5 
289,9.4 ,7.1 ,6.0 ,6.2 ,6.5 ,6.9 ,8.7 ,8.1 ,5.1 ,5.3 ,7.4 ,6.6 ,8.8 ,6.4 ,4.3 ,7.6 ,5.8 ,8.2 ,7.4 ,8.8 ,8.6 ,5.9 ,7.2 ,8.1 ,4.9 ,7.6 ,5.8 ,5.0 ,7.6 ,6.2 ,7.4 ,4.8 ,7.5 ,5.9 ,4.8 ,6.6 
290,5.5 ,7.9 ,5.8 ,8.3 ,9.7 ,5.9 ,9.6 ,4.2 ,9.7 ,9.9 ,8.8 ,9.4 ,9.3 ,6.7 ,4.5 ,6.4 ,4.1 ,9.8 ,9.8 ,4.7 ,6.1 ,5.6 ,6.4 ,6.4 ,9.8 ,9.1 ,5.8 ,9.7 ,4.8 ,4.6 ,9.7 ,9.4 ,4.6 ,8.2 ,8.3 ,9.9 
291,4.6 ,7.1 ,5.8 ,6.6 ,9.8 ,6.4 ,6.0 ,7.5 ,9.5 ,9.8 ,7.3 ,4.4 ,9.2 ,8.5 ,9.4 ,6.0 ,5.9 ,9.8 ,7.2 ,8.6 ,4.4 ,9.7 ,7.6 ,7.8 ,5.0 ,6.3 ,5.0 ,5.9 ,7.9 ,4.7 ,5.0 ,9.8 ,7.0 ,8.2 ,9.5 ,6.2 
292,4.7 ,4.1 ,4.1 ,8.4 ,6.0 ,5.7 ,8.3 ,8.6 ,8.8 ,8.8 ,6.0 ,8.9 ,4.1 ,5.2 ,8.0 ,7.4 ,4.4 ,5.9 ,5.5 ,7.9 ,5.6 ,6.2 ,7.8 ,8.6 ,8.4 ,7.4 ,5.1 ,7.0 ,6.8 ,7.4 ,9.6 ,8.0 ,5.6 ,9.5 ,9.7 ,8.5 
293,6.3 ,8.3 ,5.9 ,6.5 ,4.3 ,6.4 ,9.0 ,8.1 ,6.4 ,9.4 ,5.8 ,5.3 ,7.2 ,8.5 ,6.0 ,5.8 ,5.3 ,6.1 ,8.6 ,6.9 ,8.0 ,7.7 ,8.1 ,4.6 ,9.7 ,6.8 ,8.7 ,9.0 ,8.1 ,6.7 ,6.3 ,7.0 ,4.9 ,8.4 ,6.7 ,8.8 
294,8.0 ,8.5 ,6.6 ,6.7 ,4.9 ,7.9 ,5.7 ,5.0 ,9.5 ,5.9 ,8.6 ,4.8 ,4.1 ,4.7 ,4.9 ,9.3 ,9.4 ,8.4 ,6.7 ,7.1 ,4.7 ,4.7 ,4.2 ,7.8 ,4.3 ,5.5 ,5.7 ,5.6 ,5.5 ,9.6 ,8.4 ,4.6 ,4.7 ,8.3 ,9.9 ,4.6 
295,5.8 ,5.9 ,7.7 ,6.2 ,8.9 ,5.8 ,6.1 ,6.1 ,9.3 ,7.1 ,5.9 ,9.1 ,9.3 ,8.1 ,7.7 ,9.1 ,6.1 ,9.1 ,6.7 ,7.4 ,4.0 ,4.3 ,6.6 ,6.5 ,5.2 ,4.6 ,8.6 ,5.0 ,4.5 ,4.2 ,6.1 ,6.7 ,6.5 ,7.3 ,5.9 ,6.7 
296,6.4 ,6.9 ,8.1 ,7.7 ,6.3 ,4.0 ,6.4 ,9.4 ,7.6 ,8.2 ,6.8 ,7.0 ,4.3 ,7.5 ,5.0 ,5.2 ,4.2 ,5.6 ,6.5 ,7.1 ,7.8 ,7.2 ,5.8 ,9.2 ,8.5 ,8.6 ,5.7 ,8.6 ,8.3 ,4.0 ,8.4 ,6.3 ,4.7 ,4.1 ,6.2 ,5.7 
297,5.4 ,8.5 ,5.3 ,8.9 ,9.7 ,5.8 ,9.3 ,7.8 ,5.3 ,7.8 ,6.1 ,9.3 ,4.0 ,7.4 ,4.3 ,8.2 ,5.2 ,10.0 ,5.3 ,7.1 ,9.8 ,9.2 ,6.0 ,4.2 ,6.4 ,4.6 ,4.1 ,4.4 ,4.6 ,6.4 ,6.7 ,7.9 ,8.2 ,7.8 ,6.2 ,7.0 
298,6.2 ,7.9 ,5.4 ,9.5 ,7.3 ,7.0 ,5.4 ,7.6 ,5.8 ,5.8 ,6.9 ,6.7 ,5.4 ,6.8 ,8.6 ,6.1 ,5.6 ,7.3 ,4.4 ,6.3 ,4.5 ,5.6 ,7.1 ,6.4 ,8.2 ,6.9 ,4.1 ,5.5 ,5.8 ,4.9 ,6.4 ,6.5 ,5.6 ,9.9 ,7.4 ,7.7 
299,6.3 ,6.3 ,8.9 ,4.6 ,8.7 ,5.6 ,5.3 ,4.3 ,6.0 ,7.4 ,7.2 ,8.5 ,8.8 ,5.0 ,6.6 ,4.9 ,6.4 ,7.6 ,8.1 ,10.0 ,8.1 ,9.4 ,5.6 ,9.4 ,5.9 ,4.4 ,7.1 ,8.7 ,4.5 ,4.5 ,6.2 ,7.7 ,9.1 ,9.6 ,7.6 ,7.9 
300,8.3 ,9.4 ,7.6 ,9.7 ,9.1 ,6.4 ,7.9 ,7.7 ,8.9 ,9.6 ,6.2 ,7.7 ,9.8 ,10.0 ,8.4 ,7.2 ,9.7 ,9.2 ,4.8 ,5.3 ,9.3 ,8.1 ,8.7 ,8.9 ,7.6 ,9.5 ,9.8 ,6.0 ,9.6 ,7.1 ,9.6 ,9.1 ,6.1 ,8.5 ,4.4 ,4.5 
301,5.0 ,5.7 ,9.1 ,8.5 ,4.9 ,4.9 ,4.3 ,7.7 ,8.0 ,5.6 ,9.8 ,6.8 ,9.2 ,5.7 ,5.6 ,6.0 ,4.7 ,8.2 ,7.8 ,6.6 ,6.3 ,4.6 ,7.2 ,6.6 ,7.2 ,4.2 ,5.9 ,9.1 ,4.8 ,4.8 ,9.1 ,6.9 ,5.8 ,7.4 ,8.7 ,6.4 
302,6.0 ,8.6 ,7.5 ,4.3 ,7.2 ,6.1 ,4.7 ,7.2 ,6.2 ,9.5 ,4.2 ,9.6 ,9.0 ,7.0 ,9.8 ,5.3 ,7.4 ,7.5 ,6.5 ,6.8 ,8.3 ,9.5 ,8.8 ,4.2 ,5.7 ,9.5 ,6.6 ,6.1 ,5.4 ,8.4 ,8.7 ,6.4 ,8.5 ,9.0 ,10.0 ,9.8 
303,9.2 ,5.0 ,7.5 ,6.2 ,6.4 ,5.9 ,4.1 ,4.6 ,8.4 ,8.8 ,6.1 ,8.3 ,6.8 ,7.6 ,7.8 ,5.3 ,5.8 ,9.0 ,7.6 ,5.7 ,6.8 ,6.6 ,8.9 ,4.9 ,8.3 ,9.8 ,5.6 ,9.0 ,7.8 ,7.7 ,5.2 ,9.1 ,8.6 ,8.3 ,5.9 ,5.3 
304,7.8 ,9.0 ,4.9 ,4.6 ,7.6 ,8.0 ,7.8 ,4.2 ,6.9 ,6.5 ,5.8 ,6.1 ,9.7 ,5.9 ,7.3 ,8.9 ,5.7 ,5.4 ,6.0 ,7.8 ,8.0 ,8.8 ,4.5 ,8.1 ,7.4 ,7.2 ,8.8 ,6.2 ,6.2 ,6.7 ,7.5 ,4.2 ,6.6 ,6.2 ,6.1 ,7.9 
305,7.5 ,5.8 ,8.4 ,6.5 ,5.9 ,9.8 ,6.2 ,7.7 ,9.5 ,9.6 ,8.6 ,7.1 ,5.4 ,5.6 ,6.3 ,5.4 ,7.9 ,5.7 ,5.5 ,8.1 ,4.3 ,7.0 ,6.4 ,6.6 ,7.7 ,5.9 ,8.5 ,4.5 ,6.7 ,5.4 ,7.6 ,6.6 ,9.0 ,6.5 ,5.2 ,8.0 
306,9.9 ,5.8 ,8.6 ,6.9 ,5.2 ,4.3 ,5.7 ,8.0 ,9.8 ,6.2 ,6.2 ,8.3 ,4.3 ,9.1 ,7.7 ,8.4 ,9.2 ,5.3 ,8.5 ,8.3 ,7.3 ,4.8 ,8.7 ,7.5 ,6.5 ,8.4 ,5.1 ,5.5 ,6.7 ,5.4 ,4.8 ,4.9 ,6.1 ,8.9 ,4.2 ,8.0 
307,5.0 ,8.6 ,5.7 ,6.2 ,6.0 ,6.6 ,8.0 ,6.8 ,4.5 ,7.0 ,6.3 ,5.6 ,9.5 ,6.1 ,8.4 ,5.6 ,4.7 ,6.1 ,4.5 ,6.8 ,7.9 ,9.9 ,8.2 ,7.5 ,4.3 ,4.4 ,8.5 ,8.7 ,4.9 ,7.1 ,9.7 ,7.4 ,6.0 ,4.2 ,6.0 ,5.0 
308,7.0 ,8.8 ,8.9 ,6.2 ,7.7 ,4.5 ,4.2 ,5.5 ,8.0 ,8.0 ,6.2 ,6.2 ,5.0 ,6.8 ,9.0 ,4.8 ,8.1 ,5.0 ,9.9 ,7.2 ,5.6 ,5.7 ,9.5 ,9.0 ,4.6 ,5.2 ,9.2 ,8.2 ,9.9 ,6.2 ,6.1 ,9.5 ,9.4 ,7.5 ,4.0 ,4.4 
309,5.4 ,7.1 ,8.9 ,5.4 ,9.5 ,8.1 ,4.9 ,6.0 ,9.9 ,5.4 ,9.5 ,6.0 ,8.2 ,9.1 ,7.5 ,5.9 ,6.4 ,4.2 ,8.1 ,4.7 ,5.2 ,5.0 ,6.2 ,4.1 ,8.9 ,4.2 ,5.2 ,6.2 ,6.9 ,8.5 ,9.5 ,8.8 ,8.8 ,9.3 ,9.2 ,5.7 
310,5.7 ,6.0 ,5.9 ,4.9 ,7.9 ,4.2 ,9.2 ,9.0 ,6.8 ,4.3 ,6.9 ,5.5 ,5.2 ,6.1 ,7.9 ,8.4 ,4.4 ,5.8 ,5.7 ,7.9 ,6.9 ,6.5 ,9.5 ,4.0 ,9.4 ,5.2 ,5.8 ,9.1 ,9.1 ,9.9 ,4.9 ,6.6 ,4.3 ,6.5 ,9.6 ,6.0 
311,8.6 ,8.6 ,7.9 ,9.8 ,8.5 ,5.6 ,4.7 ,8.6 ,7.0 ,8.2 ,6.6 ,8.4 ,8.2 ,9.9 ,9.0 ,6.1 ,9.8 ,7.0 ,8.2 ,8.8 ,4.9 ,9.1 ,6.7 ,8.1 ,8.5 ,7.8 ,8.0 ,8.2 ,4.3 ,4.6 ,7.9 ,7.2 ,8.5 ,4.4 ,6.3 ,5.2 
312,10.0 ,9.9 ,5.9 ,9.3 ,9.4 ,4.3 ,8.3 ,4.4 ,7.1 ,7.8 ,8.8 ,9.8 ,6.3 ,7.2 ,9.7 ,8.9 ,5.1 ,8.6 ,4.9 ,4.7 ,5.3 ,4.5 ,6.5 ,9.8 ,7.4 ,4.4 ,6.8 ,9.7 ,9.1 ,6.0 ,7.4 ,5.7 ,8.7 ,4.6 ,7.3 ,6.2 
313,5.8 ,8.1 ,6.9 ,6.8 ,6.7 ,4.9 ,9.9 ,4.6 ,9.1 ,5.0 ,7.4 ,8.6 ,4.4 ,5.3 ,6.6 ,5.9 ,5.5 ,9.5 ,8.0 ,9.7 ,5.1 ,9.8 ,8.3 ,7.0 ,8.0 ,7.0 ,9.4 ,8.4 ,8.8 ,7.9 ,9.4 ,5.9 ,9.2 ,9.9 ,6.0 ,4.7 
314,4.2 ,9.2 ,9.9 ,6.4 ,6.9 ,7.2 ,5.1 ,8.8 ,4.8 ,8.8 ,4.3 ,4.9 ,6.5 ,7.7 ,5.1 ,7.1 ,4.4 ,6.3 ,5.2 ,5.4 ,6.5 ,5.0 ,5.0 ,6.4 ,8.8 ,7.7 ,8.3 ,7.2 ,7.6 ,8.6 ,4.2 ,6.7 ,4.8 ,5.9 ,9.8 ,8.7 
315,6.5 ,6.7 ,4.8 ,4.8 ,6.2 ,10.0 ,8.5 ,8.5 ,8.4 ,4.4 ,4.1 ,6.9 ,6.7 ,9.4 ,6.0 ,5.7 ,5.6 ,9.4 ,9.1 ,6.3 ,7.1 ,7.7 ,4.8 ,7.6 ,8.8 ,6.4 ,5.3 ,8.1 ,8.9 ,7.1 ,7.4 ,6.3 ,6.5 ,4.3 ,9.2 ,9.0 
316,4.2 ,5.9 ,4.6 ,4.9 ,5.6 ,8.3 ,9.2 ,6.3 ,4.6 ,4.1 ,8.0 ,6.0 ,4.8 ,9.0 ,7.4 ,5.4 ,6.8 ,6.5 ,7.2 ,4.4 ,9.0 ,8.4 ,7.3 ,5.9 ,9.3 ,7.2 ,7.3 ,5.8 ,5.0 ,5.8 ,8.2 ,8.8 ,6.6 ,6.2 ,6.3 ,8.2 
317,6.5 ,4.7 ,5.8 ,8.7 ,8.1 ,4.2 ,6.4 ,6.2 ,5.0 ,9.6 ,9.1 ,8.5 ,4.3 ,4.4 ,9.3 ,4.7 ,6.9 ,8.2 ,9.8 ,5.2 ,5.5 ,6.6 ,6.4 ,6.9 ,8.4 ,6.1 ,4.7 ,5.7 ,9.9 ,4.7 ,9.9 ,5.7 ,5.4 ,6.7 ,7.7 ,9.6 
318,6.9 ,9.6 ,5.6 ,8.1 ,7.5 ,7.3 ,5.9 ,4.6 ,6.5 ,10.0 ,5.2 ,8.2 ,5.4 ,6.4 ,6.1 ,6.4 ,5.9 ,5.0 ,5.1 ,9.3 ,6.9 ,6.3 ,10.0 ,7.6 ,5.1 ,4.1 ,8.9 ,9.9 ,6.3 ,9.8 ,9.4 ,4.0 ,4.0 ,6.8 ,8.0 ,8.8 
319,6.2 ,4.0 ,8.2 ,7.4 ,7.5 ,8.5 ,9.3 ,4.0 ,9.0 ,7.5 ,9.4 ,5.2 ,9.5 ,9.9 ,7.9 ,7.0 ,5.2 ,9.4 ,6.0 ,9.5 ,6.6 ,5.8 ,9.0 ,6.0 ,5.8 ,6.1 ,9.1 ,4.4 ,8.6 ,7.8 ,7.4 ,5.0 ,8.8 ,5.4 ,8.2 ,4.3 
